trip_duration_days,miles_traveled,total_receipts_amount,expected_output,miles_per_day,receipts_per_day,base_per_diem,is_five_day,tier1_miles,tier2_miles,log_miles,log_receipts,length_long,length_medium,length_short
3,93.0,1.42,364.51,31.0,0.4733,300,0,93.0,0.0,4.5433,0.8838,False,False,True
1,55.0,3.6,126.06,55.0,3.6,100,0,55.0,0.0,4.0254,1.5261,False,False,True
1,47.0,17.97,128.91,47.0,17.97,100,0,47.0,0.0,3.8712,2.9429,False,False,True
2,13.0,4.67,203.52,6.5,2.335,200,0,13.0,0.0,2.6391,1.7352,False,False,True
3,88.0,5.78,380.37,29.3333,1.9267,300,0,88.0,0.0,4.4886,1.914,False,False,True
1,76.0,13.74,158.35,76.0,13.74,100,0,76.0,0.0,4.3438,2.6906,False,False,True
3,41.0,4.52,320.12,13.6667,1.5067,300,0,41.0,0.0,3.7377,1.7084,False,False,True
1,140.0,22.71,199.68,140.0,22.71,100,0,100.0,40.0,4.9488,3.1659,False,False,True
3,121.0,21.17,464.07,40.3333,7.0567,300,0,100.0,21.0,4.804,3.0987,False,False,True
3,117.0,21.99,359.1,39.0,7.33,300,0,100.0,17.0,4.7707,3.1351,False,False,True
2,202.0,21.24,356.17,101.0,10.62,200,0,100.0,102.0,5.3132,3.1019,False,False,True
3,80.0,21.05,366.87,26.6667,7.0167,300,0,80.0,0.0,4.3944,3.0933,False,False,True
2,21.0,20.04,204.58,10.5,10.02,200,0,21.0,0.0,3.091,3.0464,False,False,True
3,177.0,18.73,430.86,59.0,6.2433,300,0,100.0,77.0,5.1818,2.9821,False,False,True
1,141.0,10.15,195.14,141.0,10.15,100,0,100.0,41.0,4.9558,2.4114,False,False,True
1,58.0,5.86,117.24,58.0,5.86,100,0,58.0,0.0,4.0775,1.9257,False,False,True
1,133.0,8.34,179.06,133.0,8.34,100,0,100.0,33.0,4.8978,2.2343,False,False,True
1,59.0,8.31,120.65,59.0,8.31,100,0,59.0,0.0,4.0943,2.2311,False,False,True
2,89.0,13.85,234.2,44.5,6.925,200,0,89.0,0.0,4.4998,2.698,False,False,True
2,147.0,17.43,325.56,73.5,8.715,200,0,100.0,47.0,4.9972,2.914,False,False,True
5,130.0,306.9,574.1,26.0,61.38,500,1,100.0,30.0,4.8752,5.7298,False,True,False
5,173.0,1337.9,1443.96,34.6,267.58,500,1,100.0,73.0,5.1591,7.1996,False,True,False
5,592.0,433.75,869.0,118.4,86.75,500,1,100.0,492.0,6.3852,6.0748,False,True,False
5,679.0,476.08,1030.41,135.8,95.216,500,1,100.0,579.0,6.5221,6.1677,False,True,False
5,708.0,1129.52,1654.62,141.6,225.904,500,1,100.0,608.0,6.5639,7.0304,False,True,False
5,261.0,464.94,621.12,52.2,92.988,500,1,100.0,161.0,5.5683,6.1441,False,True,False
5,794.0,511.0,1139.94,158.8,102.2,500,1,100.0,694.0,6.6783,6.2383,False,True,False
5,521.0,1448.55,1624.01,104.2,289.71,500,1,100.0,421.0,6.2577,7.279,False,True,False
5,595.0,863.93,1231.67,119.0,172.786,500,1,100.0,495.0,6.3902,6.7626,False,True,False
5,811.0,952.39,1608.6,162.2,190.478,500,1,100.0,711.0,6.6995,6.86,False,True,False
5,477.0,704.42,1045.96,95.4,140.884,500,1,100.0,377.0,6.1696,6.5588,False,True,False
5,730.0,485.73,991.49,146.0,97.146,500,1,100.0,630.0,6.5944,6.1877,False,True,False
5,262.0,1173.79,1485.59,52.4,234.758,500,1,100.0,162.0,5.5722,7.0688,False,True,False
5,446.0,219.98,788.62,89.2,43.996,500,1,100.0,346.0,6.1026,5.3981,False,True,False
5,751.0,407.43,1063.46,150.2,81.486,500,1,100.0,651.0,6.6227,6.0123,False,True,False
5,324.0,128.94,686.54,64.8,25.788,500,1,100.0,224.0,5.7838,4.8671,False,True,False
5,414.0,967.0,1368.94,82.8,193.4,500,1,100.0,314.0,6.0283,6.8752,False,True,False
5,367.0,290.78,742.25,73.4,58.156,500,1,100.0,267.0,5.9081,5.676,False,True,False
5,764.0,848.75,1468.46,152.8,169.75,500,1,100.0,664.0,6.6399,6.7449,False,True,False
5,249.0,873.75,1185.24,49.8,174.75,500,1,100.0,149.0,5.5215,6.7739,False,True,False
8,862.0,1817.85,1719.37,107.75,227.2312,800,0,100.0,762.0,6.7604,7.506,True,False,False
11,927.0,1994.33,1779.12,84.2727,181.3027,1100,0,100.0,827.0,6.833,7.5986,True,False,False
9,602.0,186.69,1085.4,66.8889,20.7433,900,0,100.0,502.0,6.4019,5.2348,True,False,False
8,610.0,208.29,841.27,76.25,26.0362,800,0,100.0,510.0,6.4151,5.3437,True,False,False
12,333.0,1103.21,1618.13,27.75,91.9342,1200,0,100.0,233.0,5.8111,7.0069,True,False,False
8,435.0,1129.65,1525.26,54.375,141.2062,800,0,100.0,335.0,6.0776,7.0305,True,False,False
9,218.0,1203.45,1561.63,24.2222,133.7167,900,0,100.0,118.0,5.3891,7.0938,True,False,False
12,781.0,1159.18,1752.72,65.0833,96.5983,1200,0,100.0,681.0,6.6619,7.0563,True,False,False
11,916.0,1036.91,2098.07,83.2727,94.2645,1100,0,100.0,816.0,6.8211,6.945,True,False,False
10,358.0,2066.62,1624.11,35.8,206.662,1000,0,100.0,258.0,5.8833,7.6342,True,False,False
12,566.0,2013.7,1752.03,47.1667,167.8083,1200,0,100.0,466.0,6.3404,7.6082,True,False,False
9,954.0,1483.39,2024.2,106.0,164.8211,900,0,100.0,854.0,6.8617,7.3028,True,False,False
9,534.0,1929.94,1624.87,59.3333,214.4378,900,0,100.0,434.0,6.2823,7.5658,True,False,False
12,765.0,1343.97,1953.03,63.75,111.9975,1200,0,100.0,665.0,6.6412,7.2041,True,False,False
8,630.0,967.69,1388.05,78.75,120.9612,800,0,100.0,530.0,6.4473,6.8759,True,False,False
10,909.0,696.0,1505.19,90.9,69.6,1000,0,100.0,809.0,6.8134,6.5468,True,False,False
10,223.0,745.89,1037.45,22.3,74.589,1000,0,100.0,123.0,5.4116,6.6159,True,False,False
8,467.0,1178.71,1483.33,58.375,147.3388,800,0,100.0,367.0,6.1485,7.073,True,False,False
9,708.0,461.07,1110.6,78.6667,51.23,900,0,100.0,608.0,6.5639,6.1357,True,False,False
9,885.0,1764.97,1694.37,98.3333,196.1078,900,0,100.0,785.0,6.7867,7.4765,True,False,False
6,855.0,591.35,1339.72,142.5,98.5583,600,0,100.0,755.0,6.7523,6.3841,False,True,False
2,993.0,54.24,715.19,496.5,27.12,200,0,100.0,893.0,6.9017,4.0117,False,False,True
5,685.0,747.14,1216.36,137.0,149.428,500,1,100.0,585.0,6.5309,6.6176,False,True,False
3,981.0,341.45,813.95,327.0,113.8167,300,0,100.0,881.0,6.8896,5.8361,False,False,True
5,770.0,873.33,1502.49,154.0,174.666,500,1,100.0,670.0,6.6477,6.7735,False,True,False
6,697.0,651.64,1237.71,116.1667,108.6067,600,0,100.0,597.0,6.5482,6.481,False,True,False
3,795.0,450.85,743.94,265.0,150.2833,300,0,100.0,695.0,6.6796,6.1134,False,False,True
3,606.0,1184.23,1364.54,202.0,394.7433,300,0,100.0,506.0,6.4085,7.0777,False,False,True
3,842.0,865.37,1251.14,280.6667,288.4567,300,0,100.0,742.0,6.737,6.7643,False,False,True
7,748.0,241.73,971.31,106.8571,34.5329,700,0,100.0,648.0,6.6187,5.4919,True,False,False
7,624.0,148.16,905.79,89.1429,21.1657,700,0,100.0,524.0,6.4378,5.005,True,False,False
2,713.0,740.33,1048.28,356.5,370.165,200,0,100.0,613.0,6.5709,6.6084,False,False,True
3,874.0,1191.4,1515.99,291.3333,397.1333,300,0,100.0,774.0,6.7742,7.0837,False,False,True
6,761.0,530.19,1120.1,126.8333,88.365,600,0,100.0,661.0,6.6359,6.2751,False,True,False
1,815.0,97.89,539.36,815.0,97.89,100,0,100.0,715.0,6.7044,4.594,False,False,True
1,601.0,497.7,644.12,601.0,497.7,100,0,100.0,501.0,6.4003,6.212,False,False,True
7,817.0,1127.87,1809.91,116.7143,161.1243,700,0,100.0,717.0,6.7069,7.029,True,False,False
1,606.0,923.0,1050.05,606.0,923.0,100,0,100.0,506.0,6.4085,6.8287,False,False,True
1,909.0,741.82,866.07,909.0,741.82,100,0,100.0,809.0,6.8134,6.6105,False,False,True
3,624.0,1160.92,1459.34,208.0,386.9733,300,0,100.0,524.0,6.4378,7.0578,False,False,True
4,650.0,619.49,676.38,162.5,154.8725,400,0,100.0,550.0,6.4785,6.4305,False,True,False
6,204.0,818.99,628.4,34.0,136.4983,600,0,100.0,104.0,5.323,6.7093,False,True,False
1,263.0,396.49,198.42,263.0,396.49,100,0,100.0,163.0,5.5759,5.9852,False,False,True
1,451.0,555.49,162.18,451.0,555.49,100,0,100.0,351.0,6.1137,6.3216,False,False,True
10,424.0,474.99,831.96,42.4,47.499,1000,0,100.0,324.0,6.0521,6.1654,True,False,False
2,565.0,389.49,415.96,282.5,194.745,200,0,100.0,465.0,6.3386,5.9674,False,False,True
9,397.0,348.49,913.29,44.1111,38.7211,900,0,100.0,297.0,5.9865,5.8565,True,False,False
1,532.0,413.99,355.57,532.0,413.99,100,0,100.0,432.0,6.2785,6.0283,False,False,True
2,384.0,495.49,290.36,192.0,247.745,200,0,100.0,284.0,5.9532,6.2076,False,False,True
5,754.0,489.99,765.13,150.8,97.998,500,1,100.0,654.0,6.6267,6.1964,False,True,False
1,344.46,813.85,707.88,344.46,813.85,100,0,100.0,244.46,5.8449,6.703,False,False,True
3,906.3,540.03,848.42,302.1,180.01,300,0,100.0,806.3,6.8105,6.2935,False,False,True
3,1007.56,187.52,764.64,335.8533,62.5067,300,0,100.0,907.56,6.9163,5.2392,False,False,True
1,359.62,221.15,255.57,359.62,221.15,100,0,100.0,259.62,5.8878,5.4034,False,False,True
1,362.79,749.19,636.51,362.79,749.19,100,0,100.0,262.79,5.8966,6.6203,False,False,True
1,288.72,159.26,303.94,288.72,159.26,100,0,100.0,188.72,5.6689,5.0768,False,False,True
2,782.17,830.72,1165.44,391.085,415.36,200,0,100.0,682.17,6.6633,6.7235,False,False,True
2,623.18,347.54,625.15,311.59,173.77,200,0,100.0,523.18,6.4364,5.8538,False,False,True
3,1061.15,388.5,693.36,353.7167,129.5,300,0,100.0,961.15,6.9681,5.9649,False,False,True
1,252.75,285.5,331.74,252.75,285.5,100,0,100.0,152.75,5.5363,5.6577,False,False,True
3,1020.39,250.62,779.08,340.13,83.54,300,0,100.0,920.39,6.9289,5.5279,False,False,True
1,257.97,816.81,738.01,257.97,816.81,100,0,100.0,157.97,5.5567,6.7066,False,False,True
3,1025.03,592.55,992.4,341.6767,197.5167,300,0,100.0,925.03,6.9335,6.3861,False,False,True
2,794.32,402.31,671.06,397.16,201.155,200,0,100.0,694.32,6.6787,5.9997,False,False,True
1,276.85,485.54,361.66,276.85,485.54,100,0,100.0,176.85,5.6271,6.1873,False,False,True
2,851.68,473.96,650.68,425.84,236.98,200,0,100.0,751.68,6.7484,6.1632,False,False,True
3,859.12,611.07,960.47,286.3733,203.69,300,0,100.0,759.12,6.7571,6.4168,False,False,True
3,1317.07,476.87,787.42,439.0233,158.9567,300,0,100.0,1217.07,7.1839,6.1693,False,False,True
1,388.1,827.37,741.46,388.1,827.37,100,0,100.0,288.1,5.9638,6.7195,False,False,True
1,264.39,758.27,636.19,264.39,758.27,100,0,100.0,164.39,5.5812,6.6324,False,False,True
5,198.21,594.83,807.48,39.642,118.966,500,1,100.0,98.21,5.2944,6.39,False,True,False
6,72.85,457.75,666.59,12.1417,76.2917,600,0,72.85,0.0,4.302,6.1285,False,True,False
8,297.64,481.09,835.08,37.205,60.1362,800,0,100.0,197.64,5.6992,6.1781,True,False,False
7,237.33,1262.27,1452.17,33.9043,180.3243,700,0,100.0,137.33,5.4737,7.1415,True,False,False
5,195.73,1228.49,511.23,39.146,245.698,500,1,100.0,95.73,5.2818,7.1144,False,True,False
8,276.28,1179.9,1522.6,34.535,147.4875,800,0,100.0,176.28,5.625,7.074,True,False,False
8,302.24,1046.04,1353.77,37.78,130.755,800,0,100.0,202.24,5.7145,6.9537,True,False,False
8,266.87,252.08,880.41,33.3588,31.51,800,0,100.0,166.87,5.5905,5.5337,True,False,False
9,310.69,239.64,828.16,34.5211,26.6267,900,0,100.0,210.69,5.742,5.4833,True,False,False
6,222.08,709.07,1031.34,37.0133,118.1783,600,0,100.0,122.08,5.4075,6.5654,False,True,False
8,264.94,720.67,1019.85,33.1175,90.0838,800,0,100.0,164.94,5.5833,6.5816,True,False,False
8,161.15,1230.37,1499.24,20.1438,153.7962,800,0,100.0,61.15,5.0885,7.1159,True,False,False
9,259.96,554.74,835.54,28.8844,61.6378,900,0,100.0,159.96,5.5644,6.3203,True,False,False
9,97.85,518.56,850.57,10.8722,57.6178,900,0,97.85,0.0,4.5936,6.253,True,False,False
9,194.34,1054.93,1374.9,21.5933,117.2144,900,0,100.0,94.34,5.2747,6.9622,True,False,False
9,332.35,374.61,830.45,36.9278,41.6233,900,0,100.0,232.35,5.8092,5.9286,True,False,False
5,126.44,696.14,845.35,25.288,139.228,500,1,100.0,26.44,4.8476,6.547,False,True,False
5,66.13,848.03,1050.25,13.226,169.606,500,1,66.13,0.0,4.2066,6.7441,False,True,False
6,135.34,1144.13,1478.11,22.5567,190.6883,600,0,100.0,35.34,4.9152,7.0433,False,True,False
6,233.7,346.98,648.57,38.95,57.83,600,0,100.0,133.7,5.4583,5.8521,False,True,False
9,849.0,1007.41,1785.47,94.3333,111.9344,900,0,100.0,749.0,6.7452,6.9161,True,False,False
6,806.0,1760.64,1718.76,134.3333,293.44,600,0,100.0,706.0,6.6933,7.474,False,True,False
8,891.0,1194.36,2016.46,111.375,149.295,800,0,100.0,791.0,6.7935,7.0862,True,False,False
9,1182.0,1342.24,2164.15,131.3333,149.1378,900,0,100.0,1082.0,7.0758,7.2028,True,False,False
7,1010.0,1514.03,2063.98,144.2857,216.29,700,0,100.0,910.0,6.9187,7.3232,True,False,False
8,892.0,1768.53,1902.37,111.5,221.0662,800,0,100.0,792.0,6.7946,7.4785,True,False,False
6,825.0,1692.73,1817.77,137.5,282.1217,600,0,100.0,725.0,6.7166,7.4347,False,True,False
8,1118.0,1758.52,1852.47,139.75,219.815,800,0,100.0,1018.0,7.0202,7.4728,True,False,False
8,1064.0,1756.52,1857.04,133.0,219.565,800,0,100.0,964.0,6.9707,7.4717,True,False,False
6,811.0,1252.04,1771.8,135.1667,208.6733,600,0,100.0,711.0,6.6995,7.1333,False,True,False
7,889.0,1417.96,1826.08,127.0,202.5657,700,0,100.0,789.0,6.7912,7.2577,True,False,False
9,1012.0,1429.04,1880.76,112.4444,158.7822,900,0,100.0,912.0,6.9207,7.2655,True,False,False
6,909.0,1332.18,1720.21,151.5,222.03,600,0,100.0,809.0,6.8134,7.1953,False,True,False
9,1096.0,1690.22,1894.85,121.7778,187.8022,900,0,100.0,996.0,7.0003,7.4332,True,False,False
9,913.0,1021.29,1964.86,101.4444,113.4767,900,0,100.0,813.0,6.8178,6.9298,True,False,False
6,1006.0,1219.71,1803.97,167.6667,203.285,600,0,100.0,906.0,6.9147,7.1072,False,True,False
6,907.0,1650.17,1737.86,151.1667,275.0283,600,0,100.0,807.0,6.8112,7.4092,False,True,False
9,816.0,1171.81,1780.58,90.6667,130.2011,900,0,100.0,716.0,6.7056,7.0672,True,False,False
7,1006.0,1181.33,2279.82,143.7143,168.7614,700,0,100.0,906.0,6.9147,7.0752,True,False,False
6,835.0,1404.28,1765.79,139.1667,234.0467,600,0,100.0,735.0,6.7286,7.248,False,True,False
12,528.0,2476.41,1662.88,44.0,206.3675,1200,0,100.0,428.0,6.271,7.815,True,False,False
4,69.0,2321.49,322.0,17.25,580.3725,400,0,69.0,0.0,4.2485,7.7504,False,True,False
11,1179.0,31.36,1550.55,107.1818,2.8509,1100,0,100.0,1079.0,7.0733,3.4769,True,False,False
13,756.0,954.4,1793.07,58.1538,73.4154,1300,0,100.0,656.0,6.6294,6.8621,True,False,False
1,123.0,2076.65,1171.68,123.0,2076.65,100,0,100.0,23.0,4.8203,7.639,False,False,True
3,1162.0,2152.66,1434.71,387.3333,717.5533,300,0,100.0,1062.0,7.0588,7.6749,False,False,True
1,822.0,2170.53,1374.91,822.0,2170.53,100,0,100.0,722.0,6.713,7.6832,False,False,True
11,558.0,1549.86,1823.47,50.7273,140.8964,1100,0,100.0,458.0,6.3261,7.3466,True,False,False
2,753.0,1111.16,1353.87,376.5,555.58,200,0,100.0,653.0,6.6254,7.0141,False,False,True
10,224.0,407.51,794.7,22.4,40.751,1000,0,100.0,124.0,5.4161,6.0125,True,False,False
6,383.0,462.79,800.3,63.8333,77.1317,600,0,100.0,283.0,5.9506,6.1394,False,True,False
8,1005.0,1391.37,1987.39,125.625,173.9212,800,0,100.0,905.0,6.9137,7.2388,True,False,False
10,1145.0,311.43,1366.61,114.5,31.143,1000,0,100.0,1045.0,7.044,5.7444,True,False,False
5,1004.0,2367.63,1743.85,200.8,473.526,500,1,100.0,904.0,6.9127,7.7701,False,True,False
5,873.0,1402.35,1676.79,174.6,280.47,500,1,100.0,773.0,6.7731,7.2466,False,True,False
2,165.0,1813.32,1273.45,82.5,906.66,200,0,100.0,65.0,5.112,7.5035,False,False,True
5,1076.0,190.33,879.65,215.2,38.066,500,1,100.0,976.0,6.9819,5.254,False,True,False
12,986.0,2390.92,1760.0,82.1667,199.2433,1200,0,100.0,886.0,6.8947,7.7799,True,False,False
7,948.0,657.17,1578.97,135.4286,93.8814,700,0,100.0,848.0,6.8554,6.4895,True,False,False
3,429.0,2400.13,1411.95,143.0,800.0433,300,0,100.0,329.0,6.0638,7.7837,False,False,True
4,362.0,646.43,788.53,90.5,161.6075,400,0,100.0,262.0,5.8944,6.473,False,True,False
2,622.0,1871.56,1494.23,311.0,935.78,200,0,100.0,522.0,6.4345,7.5351,False,False,True
1,140.0,255.99,150.34,140.0,255.99,100,0,100.0,40.0,4.9488,5.549,False,False,True
8,123.0,612.55,851.24,15.375,76.5688,800,0,100.0,23.0,4.8203,6.4193,True,False,False
4,87.0,2463.92,1413.52,21.75,615.98,400,0,87.0,0.0,4.4773,7.8099,False,True,False
10,164.0,1144.9,1516.43,16.4,114.49,1000,0,100.0,64.0,5.1059,7.0439,True,False,False
1,989.0,2196.84,1439.17,989.0,2196.84,100,0,100.0,889.0,6.8977,7.6952,False,False,True
4,470.0,1968.63,1501.1,117.5,492.1575,400,0,100.0,370.0,6.1549,7.5856,False,True,False
1,37.0,1397.17,1092.94,37.0,1397.17,100,0,37.0,0.0,3.6376,7.2429,False,False,True
8,488.0,439.7,1030.13,61.0,54.9625,800,0,100.0,388.0,6.1924,6.0884,True,False,False
12,757.0,897.4,1780.07,63.0833,74.7833,1200,0,100.0,657.0,6.6307,6.8006,True,False,False
14,958.0,1727.76,2065.16,68.4286,123.4114,1400,0,100.0,858.0,6.8659,7.4552,True,False,False
2,456.0,2390.7,1342.39,228.0,1195.35,200,0,100.0,356.0,6.1247,7.7798,False,False,True
5,733.0,41.18,771.83,146.6,8.236,500,1,100.0,633.0,6.5985,3.7419,False,True,False
5,291.0,1279.7,1477.12,58.2,255.94,500,1,100.0,191.0,5.6768,7.1552,False,True,False
10,478.0,2091.79,1568.41,47.8,209.179,1000,0,100.0,378.0,6.1717,7.6463,True,False,False
8,817.0,1455.73,1847.26,102.125,181.9662,800,0,100.0,717.0,6.7069,7.2839,True,False,False
6,1043.0,1404.35,1807.42,173.8333,234.0583,600,0,100.0,943.0,6.9508,7.248,False,True,False
2,958.0,1855.58,1549.54,479.0,927.79,200,0,100.0,858.0,6.8659,7.5265,False,False,True
9,524.0,474.75,935.4,58.2222,52.75,900,0,100.0,424.0,6.2634,6.1649,True,False,False
6,45.0,81.59,522.58,7.5,13.5983,600,0,45.0,0.0,3.8286,4.4139,False,True,False
8,342.0,2259.06,1502.02,42.75,282.3825,800,0,100.0,242.0,5.8377,7.7231,True,False,False
12,379.0,1897.29,1682.98,31.5833,158.1075,1200,0,100.0,279.0,5.9402,7.5487,True,False,False
6,333.0,1254.68,1585.02,55.5,209.1133,600,0,100.0,233.0,5.8111,7.1354,False,True,False
2,634.0,1739.81,1490.51,317.0,869.905,200,0,100.0,534.0,6.4536,7.4621,False,False,True
5,285.0,974.73,1282.84,57.0,194.946,500,1,100.0,185.0,5.656,6.8832,False,True,False
12,33.0,1249.13,1707.38,2.75,104.0942,1200,0,33.0,0.0,3.5264,7.131,True,False,False
9,118.0,1285.82,1539.77,13.1111,142.8689,900,0,100.0,18.0,4.7791,7.1599,True,False,False
1,420.0,2273.6,1220.35,420.0,2273.6,100,0,100.0,320.0,6.0426,7.7296,False,False,True
11,312.0,2072.39,1586.22,28.3636,188.3991,1100,0,100.0,212.0,5.7462,7.6369,True,False,False
10,753.0,2054.02,1779.08,75.3,205.402,1000,0,100.0,653.0,6.6254,7.628,True,False,False
5,125.0,96.38,570.99,25.0,19.276,500,1,100.0,25.0,4.8363,4.5786,False,True,False
6,597.0,888.84,1395.65,99.5,148.14,600,0,100.0,497.0,6.3936,6.791,False,True,False
12,1065.0,203.2,1408.25,88.75,16.9333,1200,0,100.0,965.0,6.9717,5.3191,True,False,False
1,214.0,540.03,402.81,214.0,540.03,100,0,100.0,114.0,5.3706,6.2935,False,False,True
11,886.0,922.66,1852.24,80.5455,83.8782,1100,0,100.0,786.0,6.7878,6.8283,True,False,False
10,621.0,978.73,1656.28,62.1,97.873,1000,0,100.0,521.0,6.4329,6.8873,True,False,False
4,1000.0,2355.34,1699.56,250.0,588.835,400,0,100.0,900.0,6.9088,7.7649,False,True,False
13,534.0,1765.96,1881.36,41.0769,135.8431,1300,0,100.0,434.0,6.2823,7.477,True,False,False
6,475.0,1800.71,1671.23,79.1667,300.1183,600,0,100.0,375.0,6.1654,7.4965,False,True,False
11,623.0,2265.21,1739.18,56.6364,205.9282,1100,0,100.0,523.0,6.4362,7.7259,True,False,False
1,620.0,973.91,1112.02,620.0,973.91,100,0,100.0,520.0,6.4313,6.8823,False,False,True
13,1004.0,1757.75,1960.67,77.2308,135.2115,1300,0,100.0,904.0,6.9127,7.4724,True,False,False
8,962.0,1929.63,1897.19,120.25,241.2038,800,0,100.0,862.0,6.8701,7.5656,True,False,False
14,516.0,1464.67,1842.1,36.8571,104.6193,1400,0,100.0,416.0,6.248,7.2901,True,False,False
11,685.0,2272.75,1873.94,62.2727,206.6136,1100,0,100.0,585.0,6.5309,7.7292,True,False,False
3,307.0,266.21,540.97,102.3333,88.7367,300,0,100.0,207.0,5.7301,5.588,False,False,True
3,375.0,1346.21,1339.93,125.0,448.7367,300,0,100.0,275.0,5.9296,7.2058,False,False,True
4,1124.0,2177.18,1567.43,281.0,544.295,400,0,100.0,1024.0,7.0255,7.6862,False,True,False
3,779.0,2110.9,1520.73,259.6667,703.6333,300,0,100.0,679.0,6.6593,7.6553,False,False,True
8,1173.0,671.25,1419.34,146.625,83.9062,800,0,100.0,1073.0,7.0682,6.5106,True,False,False
14,47.0,1667.14,1745.18,3.3571,119.0814,1400,0,47.0,0.0,3.8712,7.4195,True,False,False
3,981.0,2008.83,1539.47,327.0,669.61,300,0,100.0,881.0,6.8896,7.6058,False,False,True
5,516.0,1450.67,1547.5,103.2,290.134,500,1,100.0,416.0,6.248,7.2805,False,True,False
6,471.0,332.51,872.19,78.5,55.4183,600,0,100.0,371.0,6.157,5.8097,False,True,False
2,941.0,1565.77,1432.79,470.5,782.885,200,0,100.0,841.0,6.848,7.3568,False,False,True
10,377.0,301.96,837.36,37.7,30.196,1000,0,100.0,277.0,5.9349,5.7136,True,False,False
7,273.0,285.83,793.58,39.0,40.8329,700,0,100.0,173.0,5.6131,5.6589,True,False,False
1,458.0,834.7,737.28,458.0,834.7,100,0,100.0,358.0,6.1291,6.7283,False,False,True
11,772.0,932.31,1575.52,70.1818,84.7555,1100,0,100.0,672.0,6.6503,6.8387,True,False,False
11,36.0,1541.47,1593.24,3.2727,140.1336,1100,0,36.0,0.0,3.6109,7.3411,True,False,False
12,211.0,1048.29,1579.73,17.5833,87.3575,1200,0,100.0,111.0,5.3566,6.9559,True,False,False
7,987.0,2164.1,1839.67,141.0,309.1571,700,0,100.0,887.0,6.8957,7.6802,True,False,False
9,662.0,2275.59,1599.27,73.5556,252.8433,900,0,100.0,562.0,6.4968,7.7304,True,False,False
12,96.0,1164.37,1553.21,8.0,97.0308,1200,0,96.0,0.0,4.5747,7.0608,True,False,False
5,569.0,1856.7,1623.81,113.8,371.34,500,1,100.0,469.0,6.3456,7.5271,False,True,False
12,128.0,477.17,874.99,10.6667,39.7642,1200,0,100.0,28.0,4.8598,6.17,True,False,False
4,886.0,2401.28,1698.0,221.5,600.32,400,0,100.0,786.0,6.7878,7.7842,False,True,False
13,19.0,807.27,1331.53,1.4615,62.0977,1300,0,19.0,0.0,2.9957,6.6949,True,False,False
8,275.0,2347.09,1454.47,34.375,293.3862,800,0,100.0,175.0,5.6204,7.7614,True,False,False
9,963.0,588.5,1434.42,107.0,65.3889,900,0,100.0,863.0,6.8711,6.3793,True,False,False
14,1056.0,2489.69,1894.16,75.4286,177.835,1400,0,100.0,956.0,6.9632,7.8203,True,False,False
5,728.0,423.16,947.72,145.6,84.632,500,1,100.0,628.0,6.5917,6.0501,False,True,False
4,286.0,1063.49,418.17,71.5,265.8725,400,0,100.0,186.0,5.6595,6.9703,False,True,False
11,332.0,1352.48,1663.39,30.1818,122.9527,1100,0,100.0,232.0,5.8081,7.2104,True,False,False
12,49.0,1118.38,1494.81,4.0833,93.1983,1200,0,49.0,0.0,3.912,7.0205,True,False,False
2,18.0,2503.46,1206.95,9.0,1251.73,200,0,18.0,0.0,2.9444,7.8258,False,False,True
14,592.0,1268.36,1930.24,42.2857,90.5971,1400,0,100.0,492.0,6.3852,7.1463,True,False,False
3,892.0,171.32,875.39,297.3333,57.1067,300,0,100.0,792.0,6.7946,5.1494,False,False,True
11,741.0,1872.39,1847.08,67.3636,170.2173,1100,0,100.0,641.0,6.6093,7.5355,True,False,False
14,807.0,2358.41,1819.41,57.6429,168.4579,1400,0,100.0,707.0,6.6946,7.7662,True,False,False
5,873.0,1584.53,1796.7,174.6,316.906,500,1,100.0,773.0,6.7731,7.3687,False,True,False
3,1159.0,2209.44,1434.84,386.3333,736.48,300,0,100.0,1059.0,7.0562,7.7009,False,False,True
11,920.0,1338.65,1871.27,83.6364,121.6955,1100,0,100.0,820.0,6.8255,7.2002,True,False,False
1,388.0,390.7,332.06,388.0,390.7,100,0,100.0,288.0,5.9636,5.9705,False,False,True
9,576.0,1059.79,1547.5,64.0,117.7544,900,0,100.0,476.0,6.3578,6.9668,True,False,False
9,524.0,2367.12,1640.78,58.2222,263.0133,900,0,100.0,424.0,6.2634,7.7699,True,False,False
10,459.0,2183.11,1559.59,45.9,218.311,1000,0,100.0,359.0,6.1312,7.689,True,False,False
4,725.0,588.9,1097.95,181.25,147.225,400,0,100.0,625.0,6.5876,6.38,False,True,False
1,992.0,958.87,1222.41,992.0,958.87,100,0,100.0,892.0,6.9007,6.8668,False,False,True
10,536.0,2194.42,1615.13,53.6,219.442,1000,0,100.0,436.0,6.286,7.6941,True,False,False
11,1126.0,1593.03,2143.74,102.3636,144.8209,1100,0,100.0,1026.0,7.0273,7.374,True,False,False
10,314.0,1098.8,1539.1,31.4,109.88,1000,0,100.0,214.0,5.7526,7.0029,True,False,False
1,9.0,2246.28,1120.22,9.0,2246.28,100,0,9.0,0.0,2.3026,7.7175,False,False,True
11,706.0,1508.23,2030.59,64.1818,137.1118,1100,0,100.0,606.0,6.561,7.3194,True,False,False
10,976.0,2166.02,1775.03,97.6,216.602,1000,0,100.0,876.0,6.8845,7.6811,True,False,False
5,1028.0,653.19,1313.95,205.6,130.638,500,1,100.0,928.0,6.9363,6.4834,False,True,False
8,1166.0,99.47,1149.07,145.75,12.4338,800,0,100.0,1066.0,7.0622,4.6099,True,False,False
12,882.0,1958.14,1944.88,73.5,163.1783,1200,0,100.0,782.0,6.7833,7.5803,True,False,False
11,448.0,732.79,1090.35,40.7273,66.6173,1100,0,100.0,348.0,6.107,6.5982,True,False,False
7,623.0,1691.39,1800.86,89.0,241.6271,700,0,100.0,523.0,6.4362,7.4339,True,False,False
3,127.0,293.49,303.2,42.3333,97.83,300,0,100.0,27.0,4.852,5.6852,False,False,True
12,218.0,486.02,1005.67,18.1667,40.5017,1200,0,100.0,118.0,5.3891,6.1883,True,False,False
3,1166.0,530.44,785.59,388.6667,176.8133,300,0,100.0,1066.0,7.0622,6.2756,False,False,True
11,17.0,550.58,830.07,1.5455,50.0527,1100,0,17.0,0.0,2.8904,6.3128,True,False,False
9,696.0,1749.97,1649.49,77.3333,194.4411,900,0,100.0,596.0,6.5468,7.4679,True,False,False
4,305.0,125.79,664.43,76.25,31.4475,400,0,100.0,205.0,5.7236,4.8425,False,True,False
12,104.0,1300.05,1779.92,8.6667,108.3375,1200,0,100.0,4.0,4.654,7.1709,True,False,False
1,303.0,931.53,857.42,303.0,931.53,100,0,100.0,203.0,5.717,6.8379,False,False,True
8,1012.0,2390.84,1732.12,126.5,298.855,800,0,100.0,912.0,6.9207,7.7798,True,False,False
9,938.0,2224.29,1913.87,104.2222,247.1433,900,0,100.0,838.0,6.8448,7.7076,True,False,False
3,471.0,288.19,535.67,157.0,96.0633,300,0,100.0,371.0,6.157,5.6671,False,False,True
5,72.0,977.67,1156.55,14.4,195.534,500,1,72.0,0.0,4.2905,6.8862,False,True,False
10,160.0,2272.56,1642.15,16.0,227.256,1000,0,100.0,60.0,5.0814,7.7291,True,False,False
10,965.0,1851.28,1805.77,96.5,185.128,1000,0,100.0,865.0,6.8732,7.5242,True,False,False
3,266.0,2178.16,1447.95,88.6667,726.0533,300,0,100.0,166.0,5.5872,7.6867,False,False,True
12,734.0,2491.82,1792.31,61.1667,207.6517,1200,0,100.0,634.0,6.5999,7.8212,True,False,False
12,64.0,1641.01,1710.72,5.3333,136.7508,1200,0,64.0,0.0,4.1744,7.4037,True,False,False
9,497.0,1845.08,1674.09,55.2222,205.0089,900,0,100.0,397.0,6.2106,7.5208,True,False,False
3,781.0,1801.38,1586.21,260.3333,600.46,300,0,100.0,681.0,6.6619,7.4969,False,False,True
3,158.0,1070.74,1183.16,52.6667,356.9133,300,0,100.0,58.0,5.0689,6.977,False,False,True
3,1096.0,200.27,802.96,365.3333,66.7567,300,0,100.0,996.0,7.0003,5.3046,False,False,True
11,1116.0,2067.8,1987.44,101.4545,187.9818,1100,0,100.0,1016.0,7.0184,7.6347,True,False,False
10,831.0,39.86,982.64,83.1,3.986,1000,0,100.0,731.0,6.7238,3.7102,True,False,False
14,124.0,1064.64,1761.68,8.8571,76.0457,1400,0,100.0,24.0,4.8283,6.9713,True,False,False
4,10.0,1262.73,1261.41,2.5,315.6825,400,0,10.0,0.0,2.3979,7.1418,False,True,False
5,955.0,106.86,897.78,191.0,21.372,500,1,100.0,855.0,6.8628,4.6808,False,True,False
7,1176.0,2489.13,1921.16,168.0,355.59,700,0,100.0,1076.0,7.0707,7.8201,True,False,False
6,803.0,465.6,1012.0,133.8333,77.6,600,0,100.0,703.0,6.6896,6.1455,False,True,False
9,868.0,62.12,1022.81,96.4444,6.9022,900,0,100.0,768.0,6.7673,4.145,True,False,False
1,181.0,128.05,225.12,181.0,128.05,100,0,100.0,81.0,5.204,4.8602,False,False,True
3,70.0,631.88,564.16,23.3333,210.6267,300,0,70.0,0.0,4.2627,6.4503,False,False,True
8,1090.0,419.76,1189.47,136.25,52.47,800,0,100.0,990.0,6.9948,6.0421,True,False,False
14,1184.0,2269.89,1943.24,84.5714,162.135,1400,0,100.0,1084.0,7.0775,7.7279,True,False,False
1,735.0,1676.9,1365.21,735.0,1676.9,100,0,100.0,635.0,6.6012,7.4253,False,False,True
2,547.0,119.09,509.52,273.5,59.545,200,0,100.0,447.0,6.3063,4.7882,False,False,True
11,265.0,218.66,949.34,24.0909,19.8782,1100,0,100.0,165.0,5.5835,5.3921,True,False,False
10,223.0,886.32,1305.54,22.3,88.632,1000,0,100.0,123.0,5.4116,6.7882,True,False,False
12,959.0,1947.82,1833.24,79.9167,162.3183,1200,0,100.0,859.0,6.8669,7.575,True,False,False
11,498.0,1578.39,1793.52,45.2727,143.49,1100,0,100.0,398.0,6.2126,7.3648,True,False,False
14,127.0,988.4,1688.9,9.0714,70.6,1400,0,100.0,27.0,4.852,6.8971,True,False,False
3,621.0,214.08,779.66,207.0,71.36,300,0,100.0,521.0,6.4329,5.371,False,False,True
6,1193.0,2241.5,1839.47,198.8333,373.5833,600,0,100.0,1093.0,7.0851,7.7153,False,True,False
4,448.0,2055.97,1497.46,112.0,513.9925,400,0,100.0,348.0,6.107,7.629,False,True,False
8,466.0,2064.63,1558.12,58.25,258.0788,800,0,100.0,366.0,6.1463,7.6332,True,False,False
12,229.0,1216.16,1696.65,19.0833,101.3467,1200,0,100.0,129.0,5.4381,7.1043,True,False,False
13,658.0,559.48,1573.12,50.6154,43.0369,1300,0,100.0,558.0,6.4907,6.3288,True,False,False
13,1034.0,2477.98,1842.24,79.5385,190.6138,1300,0,100.0,934.0,6.9422,7.8156,True,False,False
4,842.0,2464.29,1611.66,210.5,616.0725,400,0,100.0,742.0,6.737,7.8101,False,True,False
13,837.0,1218.93,1921.68,64.3846,93.7638,1300,0,100.0,737.0,6.731,7.1065,True,False,False
11,927.0,1306.37,1804.68,84.2727,118.7609,1100,0,100.0,827.0,6.833,7.1758,True,False,False
4,1047.0,1657.68,1605.84,261.75,414.42,400,0,100.0,947.0,6.9546,7.4138,False,True,False
4,262.0,1681.28,1435.34,65.5,420.32,400,0,100.0,162.0,5.5722,7.4279,False,True,False
7,1126.0,1103.75,2014.72,160.8571,157.6786,700,0,100.0,1026.0,7.0273,7.0074,True,False,False
5,781.0,672.91,1125.36,156.2,134.582,500,1,100.0,681.0,6.6619,6.5131,False,True,False
5,831.0,591.65,1090.31,166.2,118.33,500,1,100.0,731.0,6.7238,6.3846,False,True,False
7,1089.0,1026.25,2132.85,155.5714,146.6071,700,0,100.0,989.0,6.9939,6.9346,True,False,False
1,793.0,2171.07,1421.36,793.0,2171.07,100,0,100.0,693.0,6.6771,7.6834,False,False,True
9,368.0,495.12,847.33,40.8889,55.0133,900,0,100.0,268.0,5.9108,6.2068,True,False,False
6,818.0,1130.38,1704.06,136.3333,188.3967,600,0,100.0,718.0,6.7081,7.0312,False,True,False
11,667.0,1915.95,1732.2,60.6364,174.1773,1100,0,100.0,567.0,6.5043,7.5585,True,False,False
2,267.0,2116.93,1349.04,133.5,1058.465,200,0,100.0,167.0,5.591,7.6582,False,False,True
10,1083.0,2105.36,1844.58,108.3,210.536,1000,0,100.0,983.0,6.9884,7.6527,True,False,False
13,529.0,1767.79,2015.18,40.6923,135.9838,1300,0,100.0,429.0,6.2729,7.4781,True,False,False
9,1155.0,1346.4,2248.12,128.3333,149.6,900,0,100.0,1055.0,7.0527,7.2059,True,False,False
7,1185.0,1768.01,2072.18,169.2857,252.5729,700,0,100.0,1085.0,7.0783,7.4782,True,False,False
5,763.0,1420.94,1777.14,152.6,284.188,500,1,100.0,663.0,6.6386,7.2598,False,True,False
7,368.0,1231.69,1550.04,52.5714,175.9557,700,0,100.0,268.0,5.9108,7.117,True,False,False
6,659.0,322.1,972.58,109.8333,53.6833,600,0,100.0,559.0,6.4922,5.778,False,True,False
14,1138.0,518.18,1696.86,81.2857,37.0129,1400,0,100.0,1038.0,7.0379,6.2523,True,False,False
6,172.0,1977.78,1603.89,28.6667,329.63,600,0,100.0,72.0,5.1533,7.5902,False,True,False
6,628.0,311.47,903.3,104.6667,51.9117,600,0,100.0,528.0,6.4441,5.7445,False,True,False
2,500.0,1246.48,1264.53,250.0,623.24,200,0,100.0,400.0,6.2166,7.1289,False,False,True
8,7.0,2075.6,1422.12,0.875,259.45,800,0,7.0,0.0,2.0794,7.6385,True,False,False
5,942.0,2092.87,1696.72,188.4,418.574,500,1,100.0,842.0,6.8491,7.6468,False,True,False
12,81.0,2485.34,1589.65,6.75,207.1117,1200,0,81.0,0.0,4.4067,7.8186,True,False,False
4,166.0,791.52,866.18,41.5,197.88,400,0,100.0,66.0,5.118,6.6752,False,True,False
3,213.0,1724.85,1344.71,71.0,574.95,300,0,100.0,113.0,5.366,7.4535,False,False,True
11,1004.0,167.15,1175.65,91.2727,15.1955,1100,0,100.0,904.0,6.9127,5.1249,True,False,False
5,116.0,478.1,624.04,23.2,95.62,500,1,100.0,16.0,4.7622,6.1719,False,True,False
13,112.0,2299.56,1807.67,8.6154,176.8892,1300,0,100.0,12.0,4.7274,7.7409,True,False,False
1,43.0,2149.22,1134.47,43.0,2149.22,100,0,43.0,0.0,3.7842,7.6733,False,False,True
2,660.0,1944.4,1531.2,330.0,972.2,200,0,100.0,560.0,6.4938,7.5732,False,False,True
10,888.0,298.68,1171.54,88.8,29.868,1000,0,100.0,788.0,6.7901,5.7027,True,False,False
10,860.0,2380.76,1759.97,86.0,238.076,1000,0,100.0,760.0,6.7581,7.7756,True,False,False
10,1187.0,1981.09,2013.21,118.7,198.109,1000,0,100.0,1087.0,7.08,7.5919,True,False,False
12,1139.0,124.65,1314.3,94.9167,10.3875,1200,0,100.0,1039.0,7.0388,4.8335,True,False,False
5,966.0,359.51,927.98,193.2,71.902,500,1,100.0,866.0,6.8742,5.8875,False,True,False
10,796.0,1352.08,2000.19,79.6,135.208,1000,0,100.0,696.0,6.6809,7.2101,True,False,False
9,72.0,1281.32,1515.54,8.0,142.3689,900,0,72.0,0.0,4.2905,7.1564,True,False,False
10,215.0,2440.91,1638.66,21.5,244.091,1000,0,100.0,115.0,5.3753,7.8005,True,False,False
7,671.0,1297.02,1703.2,95.8571,185.2886,700,0,100.0,571.0,6.5103,7.1686,True,False,False
5,230.0,333.69,538.36,46.0,66.738,500,1,100.0,130.0,5.4424,5.8132,False,True,False
5,467.0,1243.31,1549.82,93.4,248.662,500,1,100.0,367.0,6.1485,7.1263,False,True,False
13,247.0,2339.61,1705.9,19.0,179.97,1300,0,100.0,147.0,5.5134,7.7582,True,False,False
14,777.0,1248.61,1837.25,55.5,89.1864,1400,0,100.0,677.0,6.6567,7.1306,True,False,False
11,740.0,1171.99,902.09,67.2727,106.5445,1100,0,100.0,640.0,6.608,7.0673,True,False,False
6,884.0,1798.31,1897.87,147.3333,299.7183,600,0,100.0,784.0,6.7856,7.4952,False,True,False
5,789.0,1853.31,1792.88,157.8,370.662,500,1,100.0,689.0,6.672,7.5253,False,True,False
4,825.0,874.99,784.52,206.25,218.7475,400,0,100.0,725.0,6.7166,6.7754,False,True,False
2,301.0,769.23,731.28,150.5,384.615,200,0,100.0,201.0,5.7104,6.6467,False,False,True
12,1007.0,1353.77,1925.32,83.9167,112.8142,1200,0,100.0,907.0,6.9157,7.2114,True,False,False
5,865.0,644.79,1202.46,173.0,128.958,500,1,100.0,765.0,6.7639,6.4705,False,True,False
14,81.0,1251.97,1682.62,5.7857,89.4264,1400,0,81.0,0.0,4.4067,7.1333,True,False,False
8,1159.0,2175.27,1752.18,144.875,271.9088,800,0,100.0,1059.0,7.0562,7.6854,True,False,False
11,496.0,373.98,1152.99,45.0909,33.9982,1100,0,100.0,396.0,6.2086,5.9269,True,False,False
1,752.0,1632.35,1362.39,752.0,1632.35,100,0,100.0,652.0,6.6241,7.3984,False,False,True
5,1014.0,1853.57,1749.31,202.8,370.714,500,1,100.0,914.0,6.9226,7.5254,False,True,False
9,686.0,145.66,972.95,76.2222,16.1844,900,0,100.0,586.0,6.5323,4.9881,True,False,False
5,654.0,1272.89,1724.68,130.8,254.578,500,1,100.0,554.0,6.4846,7.1498,False,True,False
8,621.0,2391.34,1593.12,77.625,298.9175,800,0,100.0,521.0,6.4329,7.78,True,False,False
9,1080.0,539.51,1306.91,120.0,59.9456,900,0,100.0,980.0,6.9856,6.2925,True,False,False
10,714.0,269.06,1067.81,71.4,26.906,1000,0,100.0,614.0,6.5723,5.5986,True,False,False
10,816.0,1425.64,1872.81,81.6,142.564,1000,0,100.0,716.0,6.7056,7.2631,True,False,False
14,1122.0,1766.25,2239.35,80.1429,126.1607,1400,0,100.0,1022.0,7.0238,7.4772,True,False,False
4,1202.0,1074.87,1501.24,300.5,268.7175,400,0,100.0,1102.0,7.0926,6.9809,False,True,False
5,651.0,1573.3,1682.08,130.2,314.66,500,1,100.0,551.0,6.48,7.3616,False,True,False
14,1100.0,237.69,1265.57,78.5714,16.9779,1400,0,100.0,1000.0,7.004,5.4752,True,False,False
14,296.0,485.68,924.9,21.1429,34.6914,1400,0,100.0,196.0,5.6937,6.1876,True,False,False
1,697.0,2148.5,1421.07,697.0,2148.5,100,0,100.0,597.0,6.5482,7.673,False,False,True
6,1044.0,47.46,1133.45,174.0,7.91,600,0,100.0,944.0,6.9518,3.8807,False,True,False
12,398.0,2481.44,1755.18,33.1667,206.7867,1200,0,100.0,298.0,5.989,7.817,True,False,False
3,139.0,2428.89,1345.66,46.3333,809.63,300,0,100.0,39.0,4.9416,7.7956,False,False,True
6,84.0,852.7,1109.32,14.0,142.1167,600,0,84.0,0.0,4.4427,6.7496,False,True,False
2,423.0,1639.17,1367.64,211.5,819.585,200,0,100.0,323.0,6.0497,7.4026,False,False,True
11,815.0,2385.6,1872.44,74.0909,216.8727,1100,0,100.0,715.0,6.7044,7.7776,True,False,False
6,577.0,897.74,1257.31,96.1667,149.6233,600,0,100.0,477.0,6.3596,6.801,False,True,False
8,200.0,1508.89,1461.33,25.0,188.6113,800,0,100.0,100.0,5.3033,7.3198,True,False,False
9,1102.0,540.6,1455.85,122.4444,60.0667,900,0,100.0,1002.0,7.0058,6.2945,True,False,False
12,508.0,1970.54,1770.91,42.3333,164.2117,1200,0,100.0,408.0,6.2324,7.5866,True,False,False
13,1024.0,1712.85,2097.69,78.7692,131.7577,1300,0,100.0,924.0,6.9324,7.4465,True,False,False
7,1161.0,1499.97,1862.45,165.8571,214.2814,700,0,100.0,1061.0,7.0579,7.3139,True,False,False
2,730.0,285.24,624.78,365.0,142.62,200,0,100.0,630.0,6.5944,5.6568,False,False,True
13,996.0,1809.2,1956.89,76.6154,139.1692,1300,0,100.0,896.0,6.9048,7.5012,True,False,False
5,1160.0,1901.83,1673.89,232.0,380.366,500,1,100.0,1060.0,7.057,7.5511,False,True,False
2,1139.0,306.43,726.14,569.5,153.215,200,0,100.0,1039.0,7.0388,5.7282,False,False,True
14,191.0,2442.76,1798.47,13.6429,174.4829,1400,0,100.0,91.0,5.2575,7.8013,True,False,False
7,776.0,2447.82,1826.93,110.8571,349.6886,700,0,100.0,676.0,6.6554,7.8034,True,False,False
14,414.0,1919.7,1918.89,29.5714,137.1214,1400,0,100.0,314.0,6.0283,7.5604,True,False,False
7,847.0,1994.62,1851.7,121.0,284.9457,700,0,100.0,747.0,6.7429,7.5987,True,False,False
6,924.0,1227.21,1871.76,154.0,204.535,600,0,100.0,824.0,6.8298,7.1133,False,True,False
2,933.0,1589.58,1489.99,466.5,794.79,200,0,100.0,833.0,6.8395,7.3719,False,False,True
1,211.0,958.08,891.9,211.0,958.08,100,0,100.0,111.0,5.3566,6.866,False,False,True
10,773.0,865.92,1837.11,77.3,86.592,1000,0,100.0,673.0,6.6516,6.7649,True,False,False
3,196.0,1211.68,1229.87,65.3333,403.8933,300,0,100.0,96.0,5.2832,7.1006,False,False,True
14,49.0,954.02,1480.87,3.5,68.1443,1400,0,49.0,0.0,3.912,6.8617,True,False,False
5,477.0,655.24,935.38,95.4,131.048,500,1,100.0,377.0,6.1696,6.4865,False,True,False
5,828.0,1606.84,1690.82,165.6,321.368,500,1,100.0,728.0,6.7202,7.3826,False,True,False
11,458.0,1364.29,1649.04,41.6364,124.0264,1100,0,100.0,358.0,6.1291,7.2191,True,False,False
3,289.0,1245.67,1279.31,96.3333,415.2233,300,0,100.0,189.0,5.6699,7.1282,False,False,True
1,1060.0,501.67,658.14,1060.0,501.67,100,0,100.0,960.0,6.967,6.2199,False,False,True
5,1085.0,2486.43,1664.83,217.0,497.286,500,1,100.0,985.0,6.9903,7.819,False,True,False
4,675.0,381.48,779.68,168.75,95.37,400,0,100.0,575.0,6.5162,5.9467,False,True,False
8,415.0,1214.97,1473.75,51.875,151.8712,800,0,100.0,315.0,6.0307,7.1033,True,False,False
6,425.0,709.75,1114.9,70.8333,118.2917,600,0,100.0,325.0,6.0544,6.5663,False,True,False
7,313.0,2408.02,1637.65,44.7143,344.0029,700,0,100.0,213.0,5.7494,7.787,True,False,False
13,235.0,426.07,897.26,18.0769,32.7746,1300,0,100.0,135.0,5.4638,6.0569,True,False,False
7,635.0,1406.31,1630.66,90.7143,200.9014,700,0,100.0,535.0,6.4552,7.2494,True,False,False
10,1009.0,2164.22,1889.87,100.9,216.422,1000,0,100.0,909.0,6.9177,7.6803,True,False,False
3,692.0,450.7,748.57,230.6667,150.2333,300,0,100.0,592.0,6.541,6.113,False,False,True
2,91.0,1073.76,1013.78,45.5,536.88,200,0,91.0,0.0,4.5218,6.9799,False,False,True
8,1187.0,1045.91,2047.06,148.375,130.7388,800,0,100.0,1087.0,7.08,6.9536,True,False,False
14,600.0,1120.05,1847.84,42.8571,80.0036,1400,0,100.0,500.0,6.3986,7.022,True,False,False
5,210.0,710.49,483.34,42.0,142.098,500,1,100.0,110.0,5.3519,6.5674,False,True,False
12,10.0,1203.1,1564.9,0.8333,100.2583,1200,0,10.0,0.0,2.3979,7.0935,True,False,False
1,452.0,275.05,282.89,452.0,275.05,100,0,100.0,352.0,6.1159,5.6206,False,False,True
4,256.0,2218.74,1476.03,64.0,554.685,400,0,100.0,156.0,5.5491,7.7051,False,True,False
8,312.0,2383.17,1557.27,39.0,297.8962,800,0,100.0,212.0,5.7462,7.7766,True,False,False
2,1175.0,816.2,1237.62,587.5,408.1,200,0,100.0,1075.0,7.0699,6.7059,False,False,True
11,960.0,383.64,1248.46,87.2727,34.8764,1100,0,100.0,860.0,6.868,5.9523,True,False,False
6,690.0,1009.37,1559.83,115.0,168.2283,600,0,100.0,590.0,6.5381,6.9181,False,True,False
14,487.0,579.29,1516.68,34.7857,41.3779,1400,0,100.0,387.0,6.1903,6.3635,True,False,False
8,75.0,315.71,593.83,9.375,39.4638,800,0,75.0,0.0,4.3307,5.758,True,False,False
13,360.0,271.93,1017.64,27.6923,20.9177,1300,0,100.0,260.0,5.8889,5.6092,True,False,False
11,708.0,1871.77,1916.37,64.3636,170.1609,1100,0,100.0,608.0,6.5639,7.5352,True,False,False
3,182.0,347.82,384.77,60.6667,115.94,300,0,100.0,82.0,5.2095,5.8546,False,False,True
10,683.0,2442.92,1643.68,68.3,244.292,1000,0,100.0,583.0,6.528,7.8014,True,False,False
5,392.0,1264.6,1465.72,78.4,252.92,500,1,100.0,292.0,5.9738,7.1433,False,True,False
10,175.0,1443.25,1635.5,17.5,144.325,1000,0,100.0,75.0,5.1705,7.2753,True,False,False
7,577.0,1959.13,1603.6,82.4286,279.8757,700,0,100.0,477.0,6.3596,7.5808,True,False,False
13,799.0,951.92,1793.36,61.4615,73.2246,1300,0,100.0,699.0,6.6846,6.8595,True,False,False
13,608.0,370.89,1170.54,46.7692,28.53,1300,0,100.0,508.0,6.4118,5.9186,True,False,False
7,194.0,202.49,686.23,27.7143,28.9271,700,0,100.0,94.0,5.273,5.3156,True,False,False
13,889.0,232.72,1394.38,68.3846,17.9015,1300,0,100.0,789.0,6.7912,5.4541,True,False,False
7,901.0,136.8,1222.6,128.7143,19.5429,700,0,100.0,801.0,6.8046,4.9258,True,False,False
1,698.0,1525.82,1398.75,698.0,1525.82,100,0,100.0,598.0,6.5497,7.3309,False,False,True
9,592.0,793.55,1235.69,65.7778,88.1722,900,0,100.0,492.0,6.3852,6.6778,True,False,False
14,1015.0,871.76,1846.41,72.5,62.2686,1400,0,100.0,915.0,6.9236,6.7717,True,False,False
9,524.0,136.46,848.89,58.2222,15.1622,900,0,100.0,424.0,6.2634,4.9233,True,False,False
5,781.0,2114.27,1789.85,156.2,422.854,500,1,100.0,681.0,6.6619,7.6569,False,True,False
3,200.0,58.24,494.63,66.6667,19.4133,300,0,100.0,100.0,5.3033,4.0816,False,False,True
5,503.0,2335.55,1649.42,100.6,467.11,500,1,100.0,403.0,6.2226,7.7564,False,True,False
11,667.0,2221.67,1872.89,60.6364,201.97,1100,0,100.0,567.0,6.5043,7.7065,True,False,False
7,336.0,1843.58,1691.68,48.0,263.3686,700,0,100.0,236.0,5.8201,7.52,True,False,False
4,217.0,1506.46,1455.37,54.25,376.615,400,0,100.0,117.0,5.3845,7.3182,False,True,False
8,207.0,1146.93,1479.01,25.875,143.3662,800,0,100.0,107.0,5.3375,7.0457,True,False,False
7,690.0,1807.71,1710.98,98.5714,258.2443,700,0,100.0,590.0,6.5381,7.5004,True,False,False
2,251.0,1916.43,1285.2,125.5,958.215,200,0,100.0,151.0,5.5294,7.5587,False,False,True
4,627.0,956.98,1337.63,156.75,239.245,400,0,100.0,527.0,6.4425,6.8648,False,True,False
1,432.0,581.71,448.34,432.0,581.71,100,0,100.0,332.0,6.0707,6.3677,False,False,True
4,1194.0,2250.51,1691.15,298.5,562.6275,400,0,100.0,1094.0,7.0859,7.7194,False,True,False
10,64.0,455.9,774.64,6.4,45.59,1000,0,64.0,0.0,4.1744,6.1245,True,False,False
8,15.0,377.85,657.8,1.875,47.2312,800,0,15.0,0.0,2.7726,5.9371,True,False,False
11,741.0,1207.39,1878.06,67.3636,109.7627,1100,0,100.0,641.0,6.6093,7.097,True,False,False
8,638.0,1007.48,1483.06,79.75,125.935,800,0,100.0,538.0,6.4599,6.9162,True,False,False
12,965.0,1700.28,1879.09,80.4167,141.69,1200,0,100.0,865.0,6.8732,7.4391,True,False,False
8,1182.0,990.07,1840.75,147.75,123.7588,800,0,100.0,1082.0,7.0758,6.8988,True,False,False
13,1062.0,869.28,2090.54,81.6923,66.8677,1300,0,100.0,962.0,6.9689,6.7688,True,False,False
1,754.0,1220.47,1346.14,754.0,1220.47,100,0,100.0,654.0,6.6267,7.1078,False,False,True
14,767.0,186.47,1292.77,54.7857,13.3193,1400,0,100.0,667.0,6.6438,5.2336,True,False,False
11,775.0,1752.23,1809.29,70.4545,159.2936,1100,0,100.0,675.0,6.6542,7.4692,True,False,False
8,592.0,1402.98,1561.41,74.0,175.3725,800,0,100.0,492.0,6.3852,7.2471,True,False,False
6,957.0,727.75,1448.72,159.5,121.2917,600,0,100.0,857.0,6.8648,6.5913,False,True,False
9,800.0,2167.72,1726.51,88.8889,240.8578,900,0,100.0,700.0,6.6859,7.6819,True,False,False
6,1198.0,222.6,1107.96,199.6667,37.1,600,0,100.0,1098.0,7.0892,5.4099,False,True,False
3,1092.0,1737.65,1462.01,364.0,579.2167,300,0,100.0,992.0,6.9967,7.4609,False,False,True
12,958.0,2499.84,1791.69,79.8333,208.32,1200,0,100.0,858.0,6.8659,7.8244,True,False,False
11,955.0,1282.19,2000.42,86.8182,116.5627,1100,0,100.0,855.0,6.8628,7.1571,True,False,False
11,605.0,1880.69,1711.55,55.0,170.9718,1100,0,100.0,505.0,6.4069,7.5399,True,False,False
7,670.0,1558.02,1702.81,95.7143,222.5743,700,0,100.0,570.0,6.5088,7.3518,True,False,False
11,844.0,1962.77,1787.57,76.7273,178.4336,1100,0,100.0,744.0,6.7393,7.5826,True,False,False
3,718.0,1158.02,1416.98,239.3333,386.0067,300,0,100.0,618.0,6.5779,7.0553,False,False,True
6,323.0,1477.23,1608.55,53.8333,246.205,600,0,100.0,223.0,5.7807,7.2986,False,True,False
14,616.0,2374.41,1828.37,44.0,169.6007,1400,0,100.0,516.0,6.4249,7.7729,True,False,False
8,752.0,1519.78,1662.92,94.0,189.9725,800,0,100.0,652.0,6.6241,7.327,True,False,False
1,1166.0,1423.69,1412.13,1166.0,1423.69,100,0,100.0,1066.0,7.0622,7.2617,False,False,True
3,1187.0,1632.14,1451.85,395.6667,544.0467,300,0,100.0,1087.0,7.08,7.3983,False,False,True
3,1013.0,166.52,711.07,337.6667,55.5067,300,0,100.0,913.0,6.9217,5.1211,False,False,True
5,741.0,429.24,951.92,148.2,85.848,500,1,100.0,641.0,6.6093,6.0643,False,True,False
14,467.0,2176.26,1809.83,33.3571,155.4471,1400,0,100.0,367.0,6.1485,7.6858,True,False,False
3,224.0,358.77,406.36,74.6667,119.59,300,0,100.0,124.0,5.4161,5.8855,False,False,True
3,712.0,512.23,751.16,237.3333,170.7433,300,0,100.0,612.0,6.5695,6.2407,False,False,True
12,218.0,901.03,1371.86,18.1667,75.0858,1200,0,100.0,118.0,5.3891,6.8046,True,False,False
6,373.0,587.38,956.61,62.1667,97.8967,600,0,100.0,273.0,5.9243,6.3774,False,True,False
8,562.0,2479.33,1478.31,70.25,309.9162,800,0,100.0,462.0,6.3333,7.8161,True,False,False
5,132.0,2387.03,1454.05,26.4,477.406,500,1,100.0,32.0,4.8903,7.7782,False,True,False
3,98.0,871.46,866.05,32.6667,290.4867,300,0,98.0,0.0,4.5951,6.7713,False,False,True
14,545.0,1206.76,1977.89,38.9286,86.1971,1400,0,100.0,445.0,6.3026,7.0965,True,False,False
1,869.0,1498.88,1398.94,869.0,1498.88,100,0,100.0,769.0,6.7685,7.3131,False,False,True
2,875.0,393.25,640.56,437.5,196.625,200,0,100.0,775.0,6.7754,5.977,False,False,True
8,888.0,2296.07,1718.71,111.0,287.0088,800,0,100.0,788.0,6.7901,7.7394,True,False,False
1,716.0,1396.41,1376.59,716.0,1396.41,100,0,100.0,616.0,6.5751,7.2424,False,False,True
8,1025.0,1031.33,2214.64,128.125,128.9162,800,0,100.0,925.0,6.9334,6.9396,True,False,False
9,1064.0,2016.76,1810.94,118.2222,224.0844,900,0,100.0,964.0,6.9707,7.6097,True,False,False
4,463.0,1963.41,1607.34,115.75,490.8525,400,0,100.0,363.0,6.1399,7.5829,False,True,False
1,678.0,1478.57,1370.31,678.0,1478.57,100,0,100.0,578.0,6.5206,7.2995,False,False,True
1,436.0,1358.14,1154.03,436.0,1358.14,100,0,100.0,336.0,6.0799,7.2146,False,False,True
5,586.0,2135.36,1661.61,117.2,427.072,500,1,100.0,486.0,6.375,7.6669,False,True,False
1,797.0,126.8,543.18,797.0,126.8,100,0,100.0,697.0,6.6821,4.8505,False,False,True
14,481.0,939.99,877.17,34.3571,67.1421,1400,0,100.0,381.0,6.1779,6.8469,True,False,False
7,172.0,1486.86,1557.94,24.5714,212.4086,700,0,100.0,72.0,5.1533,7.3051,True,False,False
10,1192.0,23.47,1157.87,119.2,2.347,1000,0,100.0,1092.0,7.0842,3.1974,True,False,False
7,981.0,658.85,1351.69,140.1429,94.1214,700,0,100.0,881.0,6.8896,6.492,True,False,False
10,692.0,1671.71,1701.23,69.2,167.171,1000,0,100.0,592.0,6.541,7.4222,True,False,False
13,710.0,2223.86,1979.83,54.6154,171.0662,1300,0,100.0,610.0,6.5667,7.7074,True,False,False
12,380.0,1526.79,1787.41,31.6667,127.2325,1200,0,100.0,280.0,5.9428,7.3316,True,False,False
3,133.0,1728.5,1373.4,44.3333,576.1667,300,0,100.0,33.0,4.8978,7.4556,False,False,True
4,730.0,799.25,1250.66,182.5,199.8125,400,0,100.0,630.0,6.5944,6.6849,False,True,False
12,1070.0,1055.51,2030.76,89.1667,87.9592,1200,0,100.0,970.0,6.9763,6.9627,True,False,False
8,1185.0,554.98,1545.67,148.125,69.3725,800,0,100.0,1085.0,7.0783,6.3207,True,False,False
11,456.0,2223.72,1600.1,41.4545,202.1564,1100,0,100.0,356.0,6.1247,7.7074,True,False,False
12,85.0,1056.43,1466.31,7.0833,88.0358,1200,0,85.0,0.0,4.4543,6.9636,True,False,False
2,543.0,103.37,544.12,271.5,51.685,200,0,100.0,443.0,6.2989,4.6479,False,False,True
6,367.0,1947.68,1606.76,61.1667,324.6133,600,0,100.0,267.0,5.9081,7.5749,False,True,False
1,481.0,1792.17,1215.84,481.0,1792.17,100,0,100.0,381.0,6.1779,7.4917,False,False,True
5,233.0,1862.04,1562.23,46.6,372.408,500,1,100.0,133.0,5.4553,7.53,False,True,False
1,45.0,1070.22,922.69,45.0,1070.22,100,0,45.0,0.0,3.8286,6.9766,False,False,True
5,152.0,2444.81,1523.75,30.4,488.962,500,1,100.0,52.0,5.0304,7.8021,False,True,False
7,344.0,1242.05,1514.4,49.1429,177.4357,700,0,100.0,244.0,5.8435,7.1253,True,False,False
5,320.0,1584.55,1584.73,64.0,316.91,500,1,100.0,220.0,5.7714,7.3687,False,True,False
9,989.0,378.12,1193.72,109.8889,42.0133,900,0,100.0,889.0,6.8977,5.9379,True,False,False
10,57.0,936.89,1237.07,5.7,93.689,1000,0,57.0,0.0,4.0604,6.8436,True,False,False
12,342.0,2253.61,1659.5,28.5,187.8008,1200,0,100.0,242.0,5.8377,7.7207,True,False,False
2,983.0,2109.93,1519.98,491.5,1054.965,200,0,100.0,883.0,6.8916,7.6549,False,False,True
10,886.0,1990.03,1749.93,88.6,199.003,1000,0,100.0,786.0,6.7878,7.5964,True,False,False
10,5.0,836.86,1116.56,0.5,83.686,1000,0,5.0,0.0,1.7918,6.7309,True,False,False
3,80.0,517.54,457.49,26.6667,172.5133,300,0,80.0,0.0,4.3944,6.251,False,False,True
8,482.0,1411.49,631.81,60.25,176.4362,800,0,100.0,382.0,6.18,7.2531,True,False,False
4,11.0,312.01,426.22,2.75,78.0025,400,0,11.0,0.0,2.4849,5.7462,False,True,False
12,1075.0,2328.11,1798.38,89.5833,194.0092,1200,0,100.0,975.0,6.981,7.7532,True,False,False
13,632.0,268.91,1396.28,48.6154,20.6854,1300,0,100.0,532.0,6.4505,5.5981,True,False,False
8,323.0,46.48,703.45,40.375,5.81,800,0,100.0,223.0,5.7807,3.8603,True,False,False
11,527.0,1550.32,1806.06,47.9091,140.9382,1100,0,100.0,427.0,6.2691,7.3469,True,False,False
5,948.0,898.6,1499.68,189.6,179.72,500,1,100.0,848.0,6.8554,6.802,False,True,False
5,504.0,1502.63,1628.66,100.8,300.526,500,1,100.0,404.0,6.2246,7.3156,False,True,False
10,793.0,1422.29,2007.62,79.3,142.229,1000,0,100.0,693.0,6.6771,7.2607,True,False,False
13,32.0,232.43,805.12,2.4615,17.8792,1300,0,32.0,0.0,3.4965,5.4529,True,False,False
9,768.0,1815.6,1666.18,85.3333,201.7333,900,0,100.0,668.0,6.6451,7.5047,True,False,False
9,994.0,1742.62,1849.58,110.4444,193.6244,900,0,100.0,894.0,6.9027,7.4637,True,False,False
1,1105.0,1432.3,1387.17,1105.0,1432.3,100,0,100.0,1005.0,7.0085,7.2677,False,False,True
12,178.0,507.59,907.19,14.8333,42.2992,1200,0,100.0,78.0,5.1874,6.2316,True,False,False
10,472.0,431.95,924.65,47.2,43.195,1000,0,100.0,372.0,6.1591,6.0706,True,False,False
5,716.0,1111.23,1492.08,143.2,222.246,500,1,100.0,616.0,6.5751,7.0141,False,True,False
3,771.0,725.67,1166.93,257.0,241.89,300,0,100.0,671.0,6.649,6.5885,False,False,True
13,1054.0,1131.25,2162.03,81.0769,87.0192,1300,0,100.0,954.0,6.9613,7.032,True,False,False
10,872.0,2191.27,1776.62,87.2,219.127,1000,0,100.0,772.0,6.7719,7.6927,True,False,False
12,1077.0,32.55,1387.43,89.75,2.7125,1200,0,100.0,977.0,6.9829,3.513,True,False,False
12,211.0,749.56,1285.23,17.5833,62.4633,1200,0,100.0,111.0,5.3566,6.6208,True,False,False
4,199.0,1310.01,1400.57,49.75,327.5025,400,0,100.0,99.0,5.2983,7.1786,False,True,False
2,1029.0,1702.6,1577.55,514.5,851.3,200,0,100.0,929.0,6.9373,7.4405,False,False,True
10,643.0,2263.77,1685.92,64.3,226.377,1000,0,100.0,543.0,6.4677,7.7252,True,False,False
10,797.0,1706.73,1724.42,79.7,170.673,1000,0,100.0,697.0,6.6821,7.4429,True,False,False
12,657.0,322.5,1113.16,54.75,26.875,1200,0,100.0,557.0,6.4892,5.7792,True,False,False
8,177.0,486.06,751.58,22.125,60.7575,800,0,100.0,77.0,5.1818,6.1884,True,False,False
2,222.0,456.24,437.4,111.0,228.12,200,0,100.0,122.0,5.4072,6.1252,False,False,True
3,555.0,2342.76,1458.63,185.0,780.92,300,0,100.0,455.0,6.3208,7.7595,False,False,True
2,785.0,1964.63,1522.76,392.5,982.315,200,0,100.0,685.0,6.667,7.5836,False,False,True
5,104.0,281.67,464.68,20.8,56.334,500,1,100.0,4.0,4.654,5.6443,False,True,False
1,673.0,2026.16,1372.83,673.0,2026.16,100,0,100.0,573.0,6.5132,7.6144,False,False,True
10,877.0,1711.12,1897.37,87.7,171.112,1000,0,100.0,777.0,6.7776,7.4455,True,False,False
1,250.0,1300.17,1145.33,250.0,1300.17,100,0,100.0,150.0,5.5255,7.171,False,False,True
1,467.0,296.49,221.23,467.0,296.49,100,0,100.0,367.0,6.1485,5.6954,False,False,True
10,1026.0,828.82,1865.67,102.6,82.882,1000,0,100.0,926.0,6.9344,6.7212,True,False,False
11,1106.0,2250.54,2050.62,100.5455,204.5945,1100,0,100.0,1006.0,7.0094,7.7194,True,False,False
12,452.0,816.56,1243.1,37.6667,68.0467,1200,0,100.0,352.0,6.1159,6.7063,True,False,False
14,865.0,2497.16,1885.87,61.7857,178.3686,1400,0,100.0,765.0,6.7639,7.8233,True,False,False
8,107.0,2450.89,1468.19,13.375,306.3612,800,0,100.0,7.0,4.6821,7.8046,True,False,False
8,80.0,1092.18,1365.73,10.0,136.5225,800,0,80.0,0.0,4.3944,6.9968,True,False,False
8,945.0,766.98,1625.53,118.125,95.8725,800,0,100.0,845.0,6.8522,6.6438,True,False,False
13,1140.0,1607.8,2214.64,87.6923,123.6769,1300,0,100.0,1040.0,7.0397,7.3832,True,False,False
2,636.0,1438.19,1435.96,318.0,719.095,200,0,100.0,536.0,6.4568,7.2718,False,False,True
14,865.0,1422.11,1921.18,61.7857,101.5793,1400,0,100.0,765.0,6.7639,7.2606,True,False,False
12,482.0,1710.47,1746.74,40.1667,142.5392,1200,0,100.0,382.0,6.18,7.4451,True,False,False
2,68.0,756.61,648.53,34.0,378.305,200,0,68.0,0.0,4.2341,6.6302,False,False,True
14,512.0,526.84,1306.64,36.5714,37.6314,1400,0,100.0,412.0,6.2403,6.2688,True,False,False
14,1001.0,1647.24,2080.0,71.5,117.66,1400,0,100.0,901.0,6.9098,7.4075,True,False,False
1,547.0,573.6,616.27,547.0,573.6,100,0,100.0,447.0,6.3063,6.3537,False,False,True
10,5.0,1338.9,1610.25,0.5,133.89,1000,0,5.0,0.0,1.7918,7.2004,True,False,False
3,1158.0,1107.4,1361.3,386.0,369.1333,300,0,100.0,1058.0,7.0553,7.0107,False,False,True
1,993.0,1143.58,1328.85,993.0,1143.58,100,0,100.0,893.0,6.9017,7.0428,False,False,True
6,378.0,837.63,1215.96,63.0,139.605,600,0,100.0,278.0,5.9375,6.7318,False,True,False
11,1156.0,2231.86,1988.56,105.0909,202.8964,1100,0,100.0,1056.0,7.0536,7.711,True,False,False
5,1050.0,882.86,1430.04,210.0,176.572,500,1,100.0,950.0,6.9575,6.7843,False,True,False
8,836.0,735.52,1606.63,104.5,91.94,800,0,100.0,736.0,6.7298,6.6019,True,False,False
11,654.0,1516.42,1870.43,59.4545,137.8564,1100,0,100.0,554.0,6.4846,7.3248,True,False,False
8,633.0,1308.36,1639.12,79.125,163.545,800,0,100.0,533.0,6.452,7.1773,True,False,False
12,713.0,1642.01,1873.19,59.4167,136.8342,1200,0,100.0,613.0,6.5709,7.4043,True,False,False
5,96.0,1105.47,1312.16,19.2,221.094,500,1,96.0,0.0,4.5747,7.0089,False,True,False
7,1054.0,576.47,1344.18,150.5714,82.3529,700,0,100.0,954.0,6.9613,6.3587,True,False,False
12,495.0,1948.13,1831.92,41.25,162.3442,1200,0,100.0,395.0,6.2066,7.5751,True,False,False
1,1068.0,2011.28,1421.45,1068.0,2011.28,100,0,100.0,968.0,6.9745,7.607,False,False,True
7,1000.0,1620.46,1971.23,142.8571,231.4943,700,0,100.0,900.0,6.9088,7.3911,True,False,False
13,855.0,1798.75,1951.77,65.7692,138.3654,1300,0,100.0,755.0,6.7523,7.4954,True,False,False
8,544.0,1279.51,1483.77,68.0,159.9388,800,0,100.0,444.0,6.3008,7.155,True,False,False
11,816.0,544.99,1077.12,74.1818,49.5445,1100,0,100.0,716.0,6.7056,6.3026,True,False,False
5,1080.0,2383.82,1664.76,216.0,476.764,500,1,100.0,980.0,6.9856,7.7769,False,True,False
8,1124.0,1908.69,1833.27,140.5,238.5862,800,0,100.0,1024.0,7.0255,7.5547,True,False,False
3,29.0,1632.85,1269.1,9.6667,544.2833,300,0,29.0,0.0,3.4012,7.3987,False,False,True
6,470.0,2235.72,1628.6,78.3333,372.62,600,0,100.0,370.0,6.1549,7.7128,False,True,False
7,287.0,2293.5,1558.09,41.0,327.6429,700,0,100.0,187.0,5.663,7.7383,True,False,False
4,72.0,1367.29,1302.97,18.0,341.8225,400,0,72.0,0.0,4.2905,7.2213,False,True,False
6,344.0,233.31,800.18,57.3333,38.885,600,0,100.0,244.0,5.8435,5.4566,False,True,False
8,801.0,1241.21,1780.65,100.125,155.1512,800,0,100.0,701.0,6.6871,7.1246,True,False,False
5,629.0,484.34,1029.87,125.8,96.868,500,1,100.0,529.0,6.4457,6.1848,False,True,False
11,327.0,961.08,1356.46,29.7273,87.3709,1100,0,100.0,227.0,5.793,6.8691,True,False,False
14,94.0,105.94,1180.63,6.7143,7.5671,1400,0,94.0,0.0,4.5539,4.6723,True,False,False
4,1113.0,2103.82,1695.08,278.25,525.955,400,0,100.0,1013.0,7.0157,7.652,False,True,False
14,267.0,2090.21,1968.4,19.0714,149.3007,1400,0,100.0,167.0,5.591,7.6455,True,False,False
1,979.0,1292.54,1313.53,979.0,1292.54,100,0,100.0,879.0,6.8876,7.1651,False,False,True
10,625.0,519.94,1229.41,62.5,51.994,1000,0,100.0,525.0,6.4394,6.2556,True,False,False
14,457.0,848.61,1492.64,32.6429,60.615,1400,0,100.0,357.0,6.1269,6.7448,True,False,False
11,398.0,723.39,1154.77,36.1818,65.7627,1100,0,100.0,298.0,5.989,6.5853,True,False,False
14,68.0,438.96,866.76,4.8571,31.3543,1400,0,68.0,0.0,4.2341,6.0867,True,False,False
3,769.0,2497.93,1587.8,256.3333,832.6433,300,0,100.0,669.0,6.6464,7.8236,False,False,True
13,694.0,1054.31,1815.02,53.3846,81.1008,1300,0,100.0,594.0,6.5439,6.9616,True,False,False
12,1088.0,1977.91,1883.21,90.6667,164.8258,1200,0,100.0,988.0,6.993,7.5903,True,False,False
9,101.0,950.23,1281.64,11.2222,105.5811,900,0,100.0,1.0,4.625,6.8578,True,False,False
1,170.0,2452.85,1209.08,170.0,2452.85,100,0,100.0,70.0,5.1417,7.8054,False,False,True
12,1135.0,475.95,1447.39,94.5833,39.6625,1200,0,100.0,1035.0,7.0353,6.1674,True,False,False
3,1109.0,2092.26,1436.66,369.6667,697.42,300,0,100.0,1009.0,7.0121,7.6465,False,False,True
7,753.0,358.13,1084.79,107.5714,51.1614,700,0,100.0,653.0,6.6254,5.8837,True,False,False
2,521.0,467.19,667.85,260.5,233.595,200,0,100.0,421.0,6.2577,6.1489,False,False,True
12,1003.0,983.23,1996.18,83.5833,81.9358,1200,0,100.0,903.0,6.9117,6.8919,True,False,False
3,269.0,708.05,799.12,89.6667,236.0167,300,0,100.0,169.0,5.5984,6.5639,False,False,True
14,646.0,2418.19,1931.21,46.1429,172.7279,1400,0,100.0,546.0,6.4723,7.7912,True,False,False
14,1153.0,346.58,1292.93,82.3571,24.7557,1400,0,100.0,1053.0,7.051,5.851,True,False,False
4,18.0,289.06,380.88,4.5,72.265,400,0,18.0,0.0,2.9444,5.6701,False,True,False
13,1167.0,1074.36,2197.33,89.7692,82.6431,1300,0,100.0,1067.0,7.063,6.9804,True,False,False
1,1113.0,1536.0,1403.6,1113.0,1536.0,100,0,100.0,1013.0,7.0157,7.3376,False,False,True
6,930.0,1907.95,1788.75,155.0,317.9917,600,0,100.0,830.0,6.8363,7.5543,False,True,False
5,714.0,617.72,1164.2,142.8,123.544,500,1,100.0,614.0,6.5723,6.4277,False,True,False
7,256.0,2180.53,1548.87,36.5714,311.5043,700,0,100.0,156.0,5.5491,7.6878,True,False,False
9,1063.0,2497.79,1761.94,118.1111,277.5322,900,0,100.0,963.0,6.9698,7.8236,True,False,False
11,512.0,2016.19,1710.53,46.5455,183.29,1100,0,100.0,412.0,6.2403,7.6095,True,False,False
9,463.0,1024.53,1476.48,51.4444,113.8367,900,0,100.0,363.0,6.1399,6.933,True,False,False
12,714.0,2003.23,1829.06,59.5,166.9358,1200,0,100.0,614.0,6.5723,7.603,True,False,False
9,1165.0,1868.79,1945.95,129.4444,207.6433,900,0,100.0,1065.0,7.0613,7.5336,True,False,False
1,872.0,2420.07,1456.34,872.0,2420.07,100,0,100.0,772.0,6.7719,7.792,False,False,True
10,631.0,1220.71,1730.86,63.1,122.071,1000,0,100.0,531.0,6.4489,7.108,True,False,False
9,633.0,888.17,1384.78,70.3333,98.6856,900,0,100.0,533.0,6.452,6.7903,True,False,False
4,1065.0,119.34,781.82,266.25,29.835,400,0,100.0,965.0,6.9717,4.7903,False,True,False
12,947.0,193.05,1225.63,78.9167,16.0875,1200,0,100.0,847.0,6.8544,5.2681,True,False,False
4,159.0,568.58,647.0,39.75,142.145,400,0,100.0,59.0,5.0752,6.3449,False,True,False
1,292.0,449.83,363.02,292.0,449.83,100,0,100.0,192.0,5.6802,6.1111,False,False,True
1,1115.0,926.13,1192.88,1115.0,926.13,100,0,100.0,1015.0,7.0175,6.8321,False,False,True
7,1168.0,667.94,1639.55,166.8571,95.42,700,0,100.0,1068.0,7.0639,6.5057,True,False,False
4,348.0,2047.08,1507.04,87.0,511.77,400,0,100.0,248.0,5.8551,7.6247,False,True,False
8,77.0,1930.98,1485.69,9.625,241.3725,800,0,77.0,0.0,4.3567,7.5663,True,False,False
7,1033.0,1013.03,2119.83,147.5714,144.7186,700,0,100.0,933.0,6.9412,6.9217,True,False,False
4,672.0,1603.52,1612.43,168.0,400.88,400,0,100.0,572.0,6.5117,7.3806,False,True,False
4,1191.0,999.45,1478.93,297.75,249.8625,400,0,100.0,1091.0,7.0834,6.9082,False,True,False
8,392.0,661.27,978.13,49.0,82.6588,800,0,100.0,292.0,5.9738,6.4957,True,False,False
7,951.0,584.4,1253.76,135.8571,83.4857,700,0,100.0,851.0,6.8586,6.3723,True,False,False
5,778.0,2423.47,1643.96,155.6,484.694,500,1,100.0,678.0,6.658,7.7934,False,True,False
11,958.0,1999.13,1900.18,87.0909,181.7391,1100,0,100.0,858.0,6.8659,7.601,True,False,False
3,186.0,1068.31,1152.04,62.0,356.1033,300,0,100.0,86.0,5.2311,6.9748,False,False,True
5,1116.0,2460.46,1711.97,223.2,492.092,500,1,100.0,1016.0,7.0184,7.8085,False,True,False
13,63.0,107.92,710.25,4.8462,8.3015,1300,0,63.0,0.0,4.1589,4.6906,True,False,False
6,170.0,476.99,600.23,28.3333,79.4983,600,0,100.0,70.0,5.1417,6.1696,False,True,False
3,870.0,413.23,795.8,290.0,137.7433,300,0,100.0,770.0,6.7696,6.0264,False,False,True
12,852.0,1957.9,1944.89,71.0,163.1583,1200,0,100.0,752.0,6.7488,7.5801,True,False,False
6,420.0,386.77,929.16,70.0,64.4617,600,0,100.0,320.0,6.0426,5.9604,False,True,False
6,668.0,1922.45,1796.98,111.3333,320.4083,600,0,100.0,568.0,6.5058,7.5619,False,True,False
8,795.0,1645.99,644.69,99.375,205.7488,800,0,100.0,695.0,6.6796,7.4067,True,False,False
4,420.0,927.74,1238.04,105.0,231.935,400,0,100.0,320.0,6.0426,6.8338,False,True,False
12,1074.0,2407.71,1843.97,89.5,200.6425,1200,0,100.0,974.0,6.9801,7.7868,True,False,False
12,916.0,2394.85,1740.85,76.3333,199.5708,1200,0,100.0,816.0,6.8211,7.7815,True,False,False
4,1075.0,586.17,1023.65,268.75,146.5425,400,0,100.0,975.0,6.981,6.3753,False,True,False
5,1143.0,1217.72,1745.09,228.6,243.544,500,1,100.0,1043.0,7.0423,7.1056,False,True,False
2,719.0,591.44,755.3,359.5,295.72,200,0,100.0,619.0,6.5793,6.3842,False,False,True
4,197.0,1858.84,1416.33,49.25,464.71,400,0,100.0,97.0,5.2883,7.5282,False,True,False
6,248.0,395.4,710.15,41.3333,65.9,600,0,100.0,148.0,5.5175,5.9824,False,True,False
10,834.0,1820.8,1883.49,83.4,182.08,1000,0,100.0,734.0,6.7274,7.5076,True,False,False
1,1112.0,2011.44,1423.85,1112.0,2011.44,100,0,100.0,1012.0,7.0148,7.6071,False,False,True
12,1189.0,1453.16,2162.13,99.0833,121.0967,1200,0,100.0,1089.0,7.0817,7.2822,True,False,False
14,269.0,1349.61,1832.34,19.2143,96.4007,1400,0,100.0,169.0,5.5984,7.2083,True,False,False
7,671.0,1262.85,1600.42,95.8571,180.4071,700,0,100.0,571.0,6.5103,7.1419,True,False,False
9,52.0,350.58,601.81,5.7778,38.9533,900,0,52.0,0.0,3.9703,5.8624,True,False,False
14,976.0,1526.58,1995.87,69.7143,109.0414,1400,0,100.0,876.0,6.8845,7.3314,True,False,False
2,370.0,1554.5,1311.23,185.0,777.25,200,0,100.0,270.0,5.9162,7.3496,False,False,True
4,1180.0,1948.55,1565.16,295.0,487.1375,400,0,100.0,1080.0,7.0741,7.5754,False,True,False
5,36.0,2022.94,1410.58,7.2,404.588,500,1,36.0,0.0,3.6109,7.6128,False,True,False
5,691.0,1030.64,1465.26,138.2,206.128,500,1,100.0,591.0,6.5396,6.9389,False,True,False
8,52.0,2353.5,1485.05,6.5,294.1875,800,0,52.0,0.0,3.9703,7.7641,True,False,False
11,24.0,2029.04,1569.37,2.1818,184.4582,1100,0,24.0,0.0,3.2189,7.6158,True,False,False
8,221.0,936.98,1287.0,27.625,117.1225,800,0,100.0,121.0,5.4027,6.8437,True,False,False
1,85.0,89.83,175.53,85.0,89.83,100,0,85.0,0.0,4.4543,4.509,False,False,True
7,803.0,12.75,1146.78,114.7143,1.8214,700,0,100.0,703.0,6.6896,2.621,True,False,False
12,893.0,910.41,1862.13,74.4167,75.8675,1200,0,100.0,793.0,6.7957,6.815,True,False,False
14,113.0,1091.13,1703.02,8.0714,77.9379,1400,0,100.0,13.0,4.7362,6.9959,True,False,False
5,516.0,1878.49,669.85,103.2,375.698,500,1,100.0,416.0,6.248,7.5388,False,True,False
14,904.0,2005.96,1970.01,64.5714,143.2829,1400,0,100.0,804.0,6.8079,7.6044,True,False,False
1,1058.0,1601.04,1465.9,1058.0,1601.04,100,0,100.0,958.0,6.9651,7.379,False,False,True
14,555.0,313.73,1201.26,39.6429,22.4093,1400,0,100.0,455.0,6.3208,5.7517,True,False,False
7,738.0,730.28,1429.72,105.4286,104.3257,700,0,100.0,638.0,6.6053,6.5948,True,False,False
8,792.0,2437.24,1556.7,99.0,304.655,800,0,100.0,692.0,6.6758,7.799,True,False,False
5,831.0,432.8,901.36,166.2,86.56,500,1,100.0,731.0,6.7238,6.0726,False,True,False
7,709.0,320.8,1116.62,101.2857,45.8286,700,0,100.0,609.0,6.5653,5.7739,True,False,False
9,1078.0,161.85,1260.96,119.7778,17.9833,900,0,100.0,978.0,6.9838,5.0928,True,False,False
2,616.0,968.93,1163.1,308.0,484.465,200,0,100.0,516.0,6.4249,6.8772,False,False,True
2,570.0,2297.12,1423.86,285.0,1148.56,200,0,100.0,470.0,6.3474,7.7398,False,False,True
9,13.0,986.41,1271.52,1.4444,109.6011,900,0,13.0,0.0,2.6391,6.8951,True,False,False
7,381.0,2106.96,1705.27,54.4286,300.9943,700,0,100.0,281.0,5.9454,7.6535,True,False,False
9,460.0,2424.47,1624.68,51.1111,269.3856,900,0,100.0,360.0,6.1334,7.7938,True,False,False
4,425.0,1286.54,1449.26,106.25,321.635,400,0,100.0,325.0,6.0544,7.1605,False,True,False
11,437.0,1053.24,1630.47,39.7273,95.7491,1100,0,100.0,337.0,6.0822,6.9606,True,False,False
9,1000.0,1901.79,1778.65,111.1111,211.31,900,0,100.0,900.0,6.9088,7.5511,True,False,False
1,553.0,1687.11,1295.34,553.0,1687.11,100,0,100.0,453.0,6.3172,7.4314,False,False,True
10,5.0,1094.06,1361.08,0.5,109.406,1000,0,5.0,0.0,1.7918,6.9986,True,False,False
12,931.0,864.21,1663.58,77.5833,72.0175,1200,0,100.0,831.0,6.8373,6.763,True,False,False
6,436.0,914.53,1389.11,72.6667,152.4217,600,0,100.0,336.0,6.0799,6.8195,False,True,False
3,1074.0,247.32,636.02,358.0,82.44,300,0,100.0,974.0,6.9801,5.5147,False,False,True
9,896.0,1398.54,1727.1,99.5556,155.3933,900,0,100.0,796.0,6.7991,7.2439,True,False,False
1,462.0,2047.57,1202.9,462.0,2047.57,100,0,100.0,362.0,6.1377,7.6249,False,False,True
3,665.0,2418.16,1490.96,221.6667,806.0533,300,0,100.0,565.0,6.5013,7.7912,False,False,True
11,532.0,2419.86,1653.69,48.3636,219.9873,1100,0,100.0,432.0,6.2785,7.7919,True,False,False
9,483.0,52.64,949.04,53.6667,5.8489,900,0,100.0,383.0,6.1821,3.9823,True,False,False
12,296.0,326.83,981.72,24.6667,27.2358,1200,0,100.0,196.0,5.6937,5.7925,True,False,False
9,131.0,1990.0,1557.2,14.5556,221.1111,900,0,100.0,31.0,4.8828,7.5964,True,False,False
6,836.0,2035.17,1718.79,139.3333,339.195,600,0,100.0,736.0,6.7298,7.6188,False,True,False
10,532.0,1223.36,1631.49,53.2,122.336,1000,0,100.0,432.0,6.2785,7.1102,True,False,False
14,595.0,2140.61,1989.13,42.5,152.9007,1400,0,100.0,495.0,6.3902,7.6693,True,False,False
7,623.0,1894.02,1739.49,89.0,270.5743,700,0,100.0,523.0,6.4362,7.547,True,False,False
5,1077.0,2234.35,1665.23,215.4,446.87,500,1,100.0,977.0,6.9829,7.7122,False,True,False
5,579.0,1018.52,1468.01,115.8,203.704,500,1,100.0,479.0,6.363,6.9271,False,True,False
8,255.0,1817.19,1510.91,31.875,227.1488,800,0,100.0,155.0,5.5452,7.5056,True,False,False
8,1009.0,1378.07,1903.76,126.125,172.2588,800,0,100.0,909.0,6.9177,7.2292,True,False,False
10,87.0,498.96,781.97,8.7,49.896,1000,0,87.0,0.0,4.4773,6.2145,True,False,False
1,809.0,1734.56,1447.25,809.0,1734.56,100,0,100.0,709.0,6.697,7.4591,False,False,True
9,1079.0,1981.94,1763.16,119.8889,220.2156,900,0,100.0,979.0,6.9847,7.5923,True,False,False
8,1134.0,1049.84,2073.13,141.75,131.23,800,0,100.0,1034.0,7.0344,6.9573,True,False,False
8,403.0,654.97,895.14,50.375,81.8712,800,0,100.0,303.0,6.0014,6.4861,True,False,False
8,534.0,429.88,916.02,66.75,53.735,800,0,100.0,434.0,6.2823,6.0658,True,False,False
13,564.0,2245.56,1745.09,43.3846,172.7354,1300,0,100.0,464.0,6.3368,7.7172,True,False,False
2,752.0,958.29,1144.41,376.0,479.145,200,0,100.0,652.0,6.6241,6.8662,False,False,True
11,293.0,1410.0,1673.7,26.6364,128.1818,1100,0,100.0,193.0,5.6836,7.2521,True,False,False
5,919.0,470.23,1119.17,183.8,94.046,500,1,100.0,819.0,6.8244,6.1553,False,True,False
5,103.0,333.22,573.58,20.6,66.644,500,1,100.0,3.0,4.6444,5.8118,False,True,False
1,893.0,19.76,570.71,893.0,19.76,100,0,100.0,793.0,6.7957,3.033,False,False,True
12,37.0,52.65,789.01,3.0833,4.3875,1200,0,37.0,0.0,3.6376,3.9825,True,False,False
8,1142.0,776.74,1827.44,142.75,97.0925,800,0,100.0,1042.0,7.0414,6.6564,True,False,False
5,332.0,218.03,801.73,66.4,43.606,500,1,100.0,232.0,5.8081,5.3892,False,True,False
7,950.0,1739.62,2032.23,135.7143,248.5171,700,0,100.0,850.0,6.8575,7.462,True,False,False
9,223.0,1916.03,1623.73,24.7778,212.8922,900,0,100.0,123.0,5.4116,7.5585,True,False,False
6,522.0,1210.87,1577.01,87.0,201.8117,600,0,100.0,422.0,6.2596,7.0999,False,True,False
12,46.0,2077.07,1666.29,3.8333,173.0892,1200,0,46.0,0.0,3.8501,7.6392,True,False,False
2,252.0,1545.94,1300.19,126.0,772.97,200,0,100.0,152.0,5.5334,7.344,False,False,True
14,999.0,619.42,1510.57,71.3571,44.2443,1400,0,100.0,899.0,6.9078,6.4304,True,False,False
13,125.0,2004.61,1721.56,9.6154,154.2008,1300,0,100.0,25.0,4.8363,7.6037,True,False,False
9,597.0,625.99,990.84,66.3333,69.5544,900,0,100.0,497.0,6.3936,6.4409,True,False,False
3,289.0,853.79,969.85,96.3333,284.5967,300,0,100.0,189.0,5.6699,6.7509,False,False,True
7,953.0,1918.24,1833.56,136.1429,274.0343,700,0,100.0,853.0,6.8607,7.5597,True,False,False
4,275.0,2359.64,1483.58,68.75,589.91,400,0,100.0,175.0,5.6204,7.7667,False,True,False
5,755.0,1584.41,1729.08,151.0,316.882,500,1,100.0,655.0,6.628,7.3686,False,True,False
9,803.0,880.17,1589.75,89.2222,97.7967,900,0,100.0,703.0,6.6896,6.7813,True,False,False
11,293.0,285.14,966.87,26.6364,25.9218,1100,0,100.0,193.0,5.6836,5.6565,True,False,False
6,164.0,1460.21,1535.3,27.3333,243.3683,600,0,100.0,64.0,5.1059,7.287,False,True,False
12,675.0,2277.93,1807.33,56.25,189.8275,1200,0,100.0,575.0,6.5162,7.7315,True,False,False
11,859.0,146.71,1267.98,78.0909,13.3373,1100,0,100.0,759.0,6.7569,4.9953,True,False,False
2,296.0,1878.7,1354.0,148.0,939.35,200,0,100.0,196.0,5.6937,7.5389,False,False,True
7,300.0,2417.85,1634.04,42.8571,345.4071,700,0,100.0,200.0,5.7071,7.791,True,False,False
2,1155.0,1517.18,1543.17,577.5,758.59,200,0,100.0,1055.0,7.0527,7.3253,False,False,True
5,765.0,480.48,1038.42,153.0,96.096,500,1,100.0,665.0,6.6412,6.1769,False,True,False
9,1097.0,2330.2,1728.07,121.8889,258.9111,900,0,100.0,997.0,7.0012,7.7541,True,False,False
4,422.0,2049.71,1491.9,105.5,512.4275,400,0,100.0,322.0,6.0474,7.6259,False,True,False
14,1020.0,510.33,1406.95,72.8571,36.4521,1400,0,100.0,920.0,6.9285,6.237,True,False,False
4,205.0,545.57,682.22,51.25,136.3925,400,0,100.0,105.0,5.3279,6.3037,False,True,False
12,1046.0,1850.85,1875.72,87.1667,154.2375,1200,0,100.0,946.0,6.9537,7.5239,True,False,False
4,1001.0,739.08,1116.31,250.25,184.77,400,0,100.0,901.0,6.9098,6.6068,False,True,False
9,938.0,742.17,1632.1,104.2222,82.4633,900,0,100.0,838.0,6.8448,6.6109,True,False,False
5,351.0,407.74,883.11,70.2,81.548,500,1,100.0,251.0,5.8636,6.0131,False,True,False
9,748.0,653.42,1249.66,83.1111,72.6022,900,0,100.0,648.0,6.6187,6.4837,True,False,False
13,1186.0,2462.26,1906.35,91.2308,189.4046,1300,0,100.0,1086.0,7.0792,7.8092,True,False,False
6,384.0,1656.04,1682.33,64.0,276.0067,600,0,100.0,284.0,5.9532,7.4128,False,True,False
10,150.0,418.41,844.9,15.0,41.841,1000,0,100.0,50.0,5.0173,6.0388,True,False,False
10,783.0,158.93,993.55,78.3,15.893,1000,0,100.0,683.0,6.6644,5.0747,True,False,False
6,372.0,2494.69,1742.34,62.0,415.7817,600,0,100.0,272.0,5.9216,7.8223,False,True,False
10,958.0,1643.76,1827.18,95.8,164.376,1000,0,100.0,858.0,6.8659,7.4053,True,False,False
8,34.0,1225.2,1438.52,4.25,153.15,800,0,34.0,0.0,3.5553,7.1117,True,False,False
7,151.0,2461.93,1516.58,21.5714,351.7043,700,0,100.0,51.0,5.0239,7.8091,True,False,False
7,150.0,1379.35,1500.09,21.4286,197.05,700,0,100.0,50.0,5.0173,7.2301,True,False,False
6,751.0,2085.98,1757.81,125.1667,347.6633,600,0,100.0,651.0,6.6227,7.6435,False,True,False
7,568.0,159.12,738.92,81.1429,22.7314,700,0,100.0,468.0,6.3439,5.0759,True,False,False
12,574.0,2240.9,1785.72,47.8333,186.7417,1200,0,100.0,474.0,6.3544,7.7151,True,False,False
13,36.0,808.38,1190.16,2.7692,62.1831,1300,0,36.0,0.0,3.6109,6.6963,True,False,False
14,595.0,1818.77,1889.9,42.5,129.9121,1400,0,100.0,495.0,6.3902,7.5065,True,False,False
7,381.0,2342.27,1705.24,54.4286,334.61,700,0,100.0,281.0,5.9454,7.7593,True,False,False
14,174.0,815.3,1295.14,12.4286,58.2357,1400,0,100.0,74.0,5.1648,6.7048,True,False,False
11,226.0,2013.45,1590.82,20.5455,183.0409,1100,0,100.0,126.0,5.425,7.6081,True,False,False
13,137.0,1505.66,1777.72,10.5385,115.82,1300,0,100.0,37.0,4.9273,7.3177,True,False,False
13,774.0,206.45,1110.0,59.5385,15.8808,1300,0,100.0,674.0,6.6529,5.3349,True,False,False
5,1120.0,1514.91,1658.97,224.0,302.982,500,1,100.0,1020.0,7.022,7.3238,False,True,False
4,862.0,2335.55,1698.94,215.5,583.8875,400,0,100.0,762.0,6.7604,7.7564,False,True,False
8,829.0,1147.89,2004.34,103.625,143.4863,800,0,100.0,729.0,6.7214,7.0466,True,False,False
4,380.0,446.66,764.24,95.0,111.665,400,0,100.0,280.0,5.9428,6.104,False,True,False
9,238.0,1197.83,1560.78,26.4444,133.0922,900,0,100.0,138.0,5.4765,7.0891,True,False,False
13,1199.0,493.0,1634.13,92.2308,37.9231,1300,0,100.0,1099.0,7.0901,6.2025,True,False,False
12,710.0,1249.41,1921.09,59.1667,104.1175,1200,0,100.0,610.0,6.5667,7.1312,True,False,False
14,719.0,1973.14,1980.99,51.3571,140.9386,1400,0,100.0,619.0,6.5793,7.5879,True,False,False
1,482.0,1697.08,1198.24,482.0,1697.08,100,0,100.0,382.0,6.18,7.4373,False,False,True
9,444.0,725.31,1062.52,49.3333,80.59,900,0,100.0,344.0,6.0981,6.588,True,False,False
11,610.0,1990.79,1753.56,55.4545,180.9809,1100,0,100.0,510.0,6.4151,7.5968,True,False,False
4,238.0,1707.28,1483.48,59.5,426.82,400,0,100.0,138.0,5.4765,7.4432,False,True,False
2,299.0,1612.7,1282.8,149.5,806.35,200,0,100.0,199.0,5.7038,7.3863,False,False,True
10,273.0,799.9,1155.05,27.3,79.99,1000,0,100.0,173.0,5.6131,6.6857,True,False,False
3,154.0,274.04,406.91,51.3333,91.3467,300,0,100.0,54.0,5.0434,5.6169,False,False,True
7,636.0,697.02,1276.06,90.8571,99.5743,700,0,100.0,536.0,6.4568,6.5482,True,False,False
2,1038.0,685.07,962.14,519.0,342.535,200,0,100.0,938.0,6.946,6.531,False,False,True
2,798.0,2334.41,1485.4,399.0,1167.205,200,0,100.0,698.0,6.6834,7.7559,False,False,True
12,601.0,2166.56,1918.46,50.0833,180.5467,1200,0,100.0,501.0,6.4003,7.6814,True,False,False
6,290.0,814.04,1077.35,48.3333,135.6733,600,0,100.0,190.0,5.6733,6.7032,False,True,False
8,16.0,259.02,543.56,2.0,32.3775,800,0,16.0,0.0,2.8332,5.5608,True,False,False
8,303.0,1072.44,1453.25,37.875,134.055,800,0,100.0,203.0,5.717,6.9786,True,False,False
11,372.0,2048.26,1632.61,33.8182,186.2055,1100,0,100.0,272.0,5.9216,7.6252,True,False,False
3,864.0,2338.52,1513.04,288.0,779.5067,300,0,100.0,764.0,6.7627,7.7577,False,False,True
11,913.0,2253.41,1758.56,83.0,204.8555,1100,0,100.0,813.0,6.8178,7.7206,True,False,False
14,805.0,834.06,1683.49,57.5,59.5757,1400,0,100.0,705.0,6.6921,6.7275,True,False,False
5,905.0,2317.31,1691.38,181.0,463.462,500,1,100.0,805.0,6.809,7.7486,False,True,False
10,728.0,226.53,1060.47,72.8,22.653,1000,0,100.0,628.0,6.5917,5.4273,True,False,False
4,842.0,893.25,1324.64,210.5,223.3125,400,0,100.0,742.0,6.737,6.796,False,True,False
5,117.0,953.06,1116.8,23.4,190.612,500,1,100.0,17.0,4.7707,6.8607,False,True,False
12,307.0,957.17,1432.75,25.5833,79.7642,1200,0,100.0,207.0,5.7301,6.865,True,False,False
9,51.0,314.81,704.94,5.6667,34.9789,900,0,51.0,0.0,3.9512,5.7551,True,False,False
7,1071.0,841.11,1699.9,153.0,120.1586,700,0,100.0,971.0,6.9773,6.7359,True,False,False
13,922.0,1510.22,1967.87,70.9231,116.1708,1300,0,100.0,822.0,6.8276,7.3207,True,False,False
8,867.0,2373.39,1747.22,108.375,296.6738,800,0,100.0,767.0,6.7662,7.7725,True,False,False
11,1013.0,1483.3,1952.8,92.0909,134.8455,1100,0,100.0,913.0,6.9217,7.3027,True,False,False
6,1148.0,1525.81,1776.48,191.3333,254.3017,600,0,100.0,1048.0,7.0466,7.3309,False,True,False
12,158.0,2195.67,1625.46,13.1667,182.9725,1200,0,100.0,58.0,5.0689,7.6947,True,False,False
5,1010.0,2054.21,1810.37,202.0,410.842,500,1,100.0,910.0,6.9187,7.6281,False,True,False
1,682.0,1517.04,1376.04,682.0,1517.04,100,0,100.0,582.0,6.5265,7.3252,False,False,True
5,14.0,78.33,406.7,2.8,15.666,500,1,14.0,0.0,2.7081,4.3736,False,True,False
6,1203.0,1900.48,1972.88,200.5,316.7467,600,0,100.0,1103.0,7.0934,7.5504,False,True,False
4,810.0,1852.31,1575.87,202.5,463.0775,400,0,100.0,710.0,6.6983,7.5247,False,True,False
3,760.0,2073.25,1522.45,253.3333,691.0833,300,0,100.0,660.0,6.6346,7.6374,False,False,True
7,868.0,625.09,1403.48,124.0,89.2986,700,0,100.0,768.0,6.7673,6.4395,True,False,False
7,205.0,103.31,683.1,29.2857,14.7586,700,0,100.0,105.0,5.3279,4.6474,True,False,False
5,387.0,1882.35,1588.8,77.4,376.47,500,1,100.0,287.0,5.961,7.5408,False,True,False
11,447.0,130.07,852.02,40.6364,11.8245,1100,0,100.0,347.0,6.1048,4.8757,True,False,False
9,482.0,1348.44,1633.26,53.5556,149.8267,900,0,100.0,382.0,6.18,7.2074,True,False,False
7,15.0,2436.67,1459.63,2.1429,348.0957,700,0,15.0,0.0,2.7726,7.7988,True,False,False
10,955.0,1182.33,1950.3,95.5,118.233,1000,0,100.0,855.0,6.8628,7.0761,True,False,False
5,41.0,2314.68,1500.28,8.2,462.936,500,1,41.0,0.0,3.7377,7.7475,False,True,False
2,1189.0,1164.74,1666.52,594.5,582.37,200,0,100.0,1089.0,7.0817,7.0611,False,False,True
2,762.0,519.74,752.69,381.0,259.87,200,0,100.0,662.0,6.6373,6.2553,False,False,True
10,895.0,937.46,1714.8,89.5,93.746,1000,0,100.0,795.0,6.7979,6.8442,True,False,False
13,858.0,2258.01,1889.71,66.0,173.6931,1300,0,100.0,758.0,6.7558,7.7227,True,False,False
11,650.0,524.8,1179.09,59.0909,47.7091,1100,0,100.0,550.0,6.4785,6.2649,True,False,False
4,198.0,2106.63,1450.67,49.5,526.6575,400,0,100.0,98.0,5.2933,7.6533,False,True,False
1,791.0,1927.75,1419.88,791.0,1927.75,100,0,100.0,691.0,6.6746,7.5646,False,False,True
14,1020.0,1201.75,2337.73,72.8571,85.8393,1400,0,100.0,920.0,6.9285,7.0924,True,False,False
12,59.0,2247.39,1629.92,4.9167,187.2825,1200,0,59.0,0.0,4.0943,7.718,True,False,False
8,626.0,545.84,1142.89,78.25,68.23,800,0,100.0,526.0,6.4409,6.3042,True,False,False
5,57.0,559.05,639.73,11.4,111.81,500,1,57.0,0.0,4.0604,6.328,False,True,False
5,908.0,716.7,1375.88,181.6,143.34,500,1,100.0,808.0,6.8123,6.5761,False,True,False
13,8.0,78.44,713.71,0.6154,6.0338,1300,0,8.0,0.0,2.1972,4.375,True,False,False
11,684.0,672.51,1487.93,62.1818,61.1373,1100,0,100.0,584.0,6.5294,6.5125,True,False,False
4,180.0,2365.46,1443.02,45.0,591.365,400,0,100.0,80.0,5.1985,7.7692,False,True,False
13,511.0,1628.33,1915.79,39.3077,125.2562,1300,0,100.0,411.0,6.2383,7.3959,True,False,False
4,231.0,20.39,499.26,57.75,5.0975,400,0,100.0,131.0,5.4467,3.0629,False,True,False
9,1139.0,1973.31,1759.33,126.5556,219.2567,900,0,100.0,1039.0,7.0388,7.588,True,False,False
9,578.0,1167.71,1587.21,64.2222,129.7456,900,0,100.0,478.0,6.3613,7.0637,True,False,False
14,530.0,2028.06,2079.14,37.8571,144.8614,1400,0,100.0,430.0,6.2748,7.6153,True,False,False
7,316.0,141.89,837.8,45.1429,20.27,700,0,100.0,216.0,5.7589,4.9621,True,False,False
2,897.0,2382.39,1437.95,448.5,1191.195,200,0,100.0,797.0,6.8002,7.7763,False,False,True
12,121.0,608.92,1033.44,10.0833,50.7433,1200,0,100.0,21.0,4.804,6.4133,True,False,False
4,764.0,1417.94,1682.1,191.0,354.485,400,0,100.0,664.0,6.6399,7.2577,False,True,False
11,663.0,2141.08,1715.29,60.2727,194.6436,1100,0,100.0,563.0,6.4983,7.6695,True,False,False
3,91.0,1640.15,1338.3,30.3333,546.7167,300,0,91.0,0.0,4.5218,7.4032,False,False,True
1,1035.0,1289.84,1317.33,1035.0,1289.84,100,0,100.0,935.0,6.9431,7.163,False,False,True
7,125.0,193.62,616.24,17.8571,27.66,700,0,100.0,25.0,4.8363,5.271,True,False,False
12,437.0,639.96,1183.74,36.4167,53.33,1200,0,100.0,337.0,6.0822,6.463,True,False,False
4,84.0,2243.12,1392.1,21.0,560.78,400,0,84.0,0.0,4.4427,7.7161,False,True,False
5,716.0,1316.6,1686.98,143.2,263.32,500,1,100.0,616.0,6.5751,7.1836,False,True,False
12,18.0,2461.37,1556.78,1.5,205.1142,1200,0,18.0,0.0,2.9444,7.8089,True,False,False
3,560.0,1664.15,1419.48,186.6667,554.7167,300,0,100.0,460.0,6.3297,7.4177,False,False,True
3,504.0,63.39,568.17,168.0,21.13,300,0,100.0,404.0,6.2246,4.165,False,False,True
5,1126.0,664.9,1336.74,225.2,132.98,500,1,100.0,1026.0,7.0273,6.5011,False,True,False
1,1092.0,390.55,589.11,1092.0,390.55,100,0,100.0,992.0,6.9967,5.9701,False,False,True
11,273.0,502.37,862.61,24.8182,45.67,1100,0,100.0,173.0,5.6131,6.2213,True,False,False
4,6.0,458.7,459.21,1.5,114.675,400,0,6.0,0.0,1.9459,6.1306,False,True,False
1,620.0,490.45,678.74,620.0,490.45,100,0,100.0,520.0,6.4313,6.1974,False,False,True
5,659.0,2083.15,1645.06,131.8,416.63,500,1,100.0,559.0,6.4922,7.6421,False,True,False
12,353.0,2150.17,1765.67,29.4167,179.1808,1200,0,100.0,253.0,5.8693,7.6738,True,False,False
13,618.0,1982.27,2000.39,47.5385,152.4823,1300,0,100.0,518.0,6.4281,7.5925,True,False,False
2,1158.0,2355.92,1528.91,579.0,1177.96,200,0,100.0,1058.0,7.0553,7.7651,False,False,True
3,512.0,1251.6,1360.76,170.6667,417.2,300,0,100.0,412.0,6.2403,7.133,False,False,True
5,840.0,941.55,1676.48,168.0,188.31,500,1,100.0,740.0,6.7346,6.8486,False,True,False
7,1086.0,2319.81,1858.36,155.1429,331.4014,700,0,100.0,986.0,6.9912,7.7497,True,False,False
13,1152.0,864.45,1797.14,88.6154,66.4962,1300,0,100.0,1052.0,7.0501,6.7632,True,False,False
4,840.0,1375.42,1580.95,210.0,343.855,400,0,100.0,740.0,6.7346,7.2272,False,True,False
4,724.0,89.99,667.98,181.0,22.4975,400,0,100.0,624.0,6.5862,4.5107,False,True,False
3,327.0,2141.92,1438.41,109.0,713.9733,300,0,100.0,227.0,5.793,7.6699,False,False,True
13,1055.0,2005.84,1997.52,81.1538,154.2954,1300,0,100.0,955.0,6.9622,7.6043,True,False,False
1,931.0,327.97,609.73,931.0,327.97,100,0,100.0,831.0,6.8373,5.796,False,False,True
10,108.0,2181.67,1632.42,10.8,218.167,1000,0,100.0,8.0,4.6913,7.6883,True,False,False
13,1204.0,24.47,1344.17,92.6154,1.8823,1300,0,100.0,1104.0,7.0942,3.2375,True,False,False
5,517.0,919.25,1288.31,103.4,183.85,500,1,100.0,417.0,6.25,6.8246,False,True,False
8,897.0,1536.36,1944.62,112.125,192.045,800,0,100.0,797.0,6.8002,7.3378,True,False,False
12,988.0,2492.79,1753.84,82.3333,207.7325,1200,0,100.0,888.0,6.8967,7.8216,True,False,False
1,1041.0,1630.25,1466.95,1041.0,1630.25,100,0,100.0,941.0,6.9489,7.3971,False,False,True
10,454.0,2359.42,1619.0,45.4,235.942,1000,0,100.0,354.0,6.1203,7.7666,True,False,False
5,406.0,1084.16,1399.39,81.2,216.832,500,1,100.0,306.0,6.0088,6.9895,False,True,False
4,103.0,1790.07,1394.55,25.75,447.5175,400,0,100.0,3.0,4.6444,7.4906,False,True,False
11,198.0,269.95,695.66,18.0,24.5409,1100,0,100.0,98.0,5.2933,5.6019,True,False,False
4,477.0,18.97,631.5,119.25,4.7425,400,0,100.0,377.0,6.1696,2.9942,False,True,False
11,67.0,2455.53,1572.91,6.0909,223.23,1100,0,67.0,0.0,4.2195,7.8065,True,False,False
7,789.0,185.73,966.26,112.7143,26.5329,700,0,100.0,689.0,6.672,5.2297,True,False,False
13,70.0,993.7,1492.02,5.3846,76.4385,1300,0,70.0,0.0,4.2627,6.9024,True,False,False
12,59.0,858.62,1377.35,4.9167,71.5517,1200,0,59.0,0.0,4.0943,6.7565,True,False,False
3,1027.0,180.0,804.96,342.3333,60.0,300,0,100.0,927.0,6.9354,5.1985,False,False,True
3,275.0,543.74,572.73,91.6667,181.2467,300,0,100.0,175.0,5.6204,6.3003,False,False,True
12,180.0,384.42,873.97,15.0,32.035,1200,0,100.0,80.0,5.1985,5.9543,True,False,False
3,334.0,2449.89,1472.53,111.3333,816.63,300,0,100.0,234.0,5.8141,7.8042,False,False,True
7,759.0,1694.02,1960.92,108.4286,242.0029,700,0,100.0,659.0,6.6333,7.4354,True,False,False
10,174.0,1991.96,1542.4,17.4,199.196,1000,0,100.0,74.0,5.1648,7.5974,True,False,False
1,780.0,366.37,516.69,780.0,366.37,100,0,100.0,680.0,6.6606,5.9064,False,False,True
9,934.0,415.5,1208.82,103.7778,46.1667,900,0,100.0,834.0,6.8405,6.0319,True,False,False
8,936.0,556.28,1277.26,117.0,69.535,800,0,100.0,836.0,6.8427,6.3231,True,False,False
1,1002.0,2320.13,1475.4,1002.0,2320.13,100,0,100.0,902.0,6.9108,7.7498,False,False,True
7,83.0,137.84,482.65,11.8571,19.6914,700,0,83.0,0.0,4.4308,4.9333,True,False,False
9,191.0,789.52,1058.5,21.2222,87.7244,900,0,100.0,91.0,5.2575,6.6727,True,False,False
3,280.0,1090.37,1256.92,93.3333,363.4567,300,0,100.0,180.0,5.6384,6.9952,False,False,True
5,644.0,2383.17,1785.53,128.8,476.634,500,1,100.0,544.0,6.4693,7.7766,False,True,False
10,498.0,992.86,1395.03,49.8,99.286,1000,0,100.0,398.0,6.2126,6.9016,True,False,False
4,317.0,1793.28,1518.93,79.25,448.32,400,0,100.0,217.0,5.7621,7.4924,False,True,False
4,1100.0,370.61,860.32,275.0,92.6525,400,0,100.0,1000.0,7.004,5.9178,False,True,False
4,263.0,2469.06,1503.98,65.75,617.265,400,0,100.0,163.0,5.5759,7.812,False,True,False
4,932.0,1287.34,1513.28,233.0,321.835,400,0,100.0,832.0,6.8384,7.1611,False,True,False
14,343.0,2013.4,1839.05,24.5,143.8143,1400,0,100.0,243.0,5.8406,7.6081,True,False,False
2,274.0,888.24,917.79,137.0,444.12,200,0,100.0,174.0,5.6168,6.7904,False,False,True
1,759.0,330.29,500.92,759.0,330.29,100,0,100.0,659.0,6.6333,5.803,False,False,True
8,204.0,2178.45,1506.38,25.5,272.3062,800,0,100.0,104.0,5.323,7.6868,True,False,False
10,396.0,2068.65,1556.68,39.6,206.865,1000,0,100.0,296.0,5.9839,7.6351,True,False,False
6,840.0,870.82,1496.46,140.0,145.1367,600,0,100.0,740.0,6.7346,6.7706,False,True,False
7,756.0,1473.59,1961.96,108.0,210.5129,700,0,100.0,656.0,6.6294,7.2961,True,False,False
4,1048.0,279.75,780.15,262.0,69.9375,400,0,100.0,948.0,6.9556,5.6375,False,True,False
9,800.0,39.96,1158.68,88.8889,4.44,900,0,100.0,700.0,6.6859,3.7126,True,False,False
3,240.0,1895.67,1386.33,80.0,631.89,300,0,100.0,140.0,5.4848,7.5479,False,False,True
13,997.0,920.48,2124.16,76.6923,70.8062,1300,0,100.0,897.0,6.9058,6.826,True,False,False
2,826.0,2163.39,1523.26,413.0,1081.695,200,0,100.0,726.0,6.7178,7.6799,False,False,True
6,194.0,914.25,1168.72,32.3333,152.375,600,0,100.0,94.0,5.273,6.8192,False,True,False
4,333.0,1934.76,1467.52,83.25,483.69,400,0,100.0,233.0,5.8111,7.5683,False,True,False
8,1053.0,1864.01,1794.57,131.625,233.0012,800,0,100.0,953.0,6.9603,7.531,True,False,False
12,466.0,1291.33,1770.37,38.8333,107.6108,1200,0,100.0,366.0,6.1463,7.1642,True,False,False
8,916.0,2417.62,1755.05,114.5,302.2025,800,0,100.0,816.0,6.8211,7.791,True,False,False
11,322.0,1251.3,1732.46,29.2727,113.7545,1100,0,100.0,222.0,5.7777,7.1327,True,False,False
13,11.0,1114.96,1555.48,0.8462,85.7662,1300,0,11.0,0.0,2.4849,7.0175,True,False,False
7,250.0,364.79,718.71,35.7143,52.1129,700,0,100.0,150.0,5.5255,5.9021,True,False,False
5,247.0,296.51,594.93,49.4,59.302,500,1,100.0,147.0,5.5134,5.6954,False,True,False
14,1158.0,2104.61,1899.69,82.7143,150.3293,1400,0,100.0,1058.0,7.0553,7.6524,True,False,False
11,1095.0,1071.83,2159.33,99.5455,97.4391,1100,0,100.0,995.0,6.9994,6.9781,True,False,False
11,1149.0,270.81,1284.51,104.4545,24.6191,1100,0,100.0,1049.0,7.0475,5.6051,True,False,False
9,14.0,1057.38,1372.31,1.5556,117.4867,900,0,14.0,0.0,2.7081,6.9645,True,False,False
4,184.0,983.77,1202.69,46.0,245.9425,400,0,100.0,84.0,5.2204,6.8924,False,True,False
6,135.0,2488.22,1561.2,22.5,414.7033,600,0,100.0,35.0,4.9127,7.8197,False,True,False
5,717.0,1508.97,1722.49,143.4,301.794,500,1,100.0,617.0,6.5765,7.3198,False,True,False
1,389.0,1964.96,1228.94,389.0,1964.96,100,0,100.0,289.0,5.9661,7.5837,False,False,True
3,1136.0,1296.54,1536.6,378.6667,432.18,300,0,100.0,1036.0,7.0361,7.1682,False,False,True
13,145.0,2202.42,1716.13,11.1538,169.4169,1300,0,100.0,45.0,4.9836,7.6978,True,False,False
1,1122.0,861.5,1081.05,1122.0,861.5,100,0,100.0,1022.0,7.0238,6.7598,False,False,True
14,383.0,97.95,1203.93,27.3571,6.9964,1400,0,100.0,283.0,5.9506,4.5946,True,False,False
1,309.0,1211.37,1110.55,309.0,1211.37,100,0,100.0,209.0,5.7366,7.1003,False,False,True
14,1090.0,2248.68,1905.5,77.8571,160.62,1400,0,100.0,990.0,6.9948,7.7185,True,False,False
3,278.0,994.9,1167.78,92.6667,331.6333,300,0,100.0,178.0,5.6312,6.9036,False,False,True
7,1109.0,2397.29,1917.57,158.4286,342.47,700,0,100.0,1009.0,7.0121,7.7825,True,False,False
12,643.0,2194.16,1758.03,53.5833,182.8467,1200,0,100.0,543.0,6.4677,7.694,True,False,False
11,176.0,1050.67,1444.13,16.0,95.5155,1100,0,100.0,76.0,5.1761,6.9581,True,False,False
7,309.0,1021.75,1309.85,44.1429,145.9643,700,0,100.0,209.0,5.7366,6.9303,True,False,False
3,992.0,1897.41,1539.0,330.6667,632.47,300,0,100.0,892.0,6.9007,7.5488,False,False,True
3,175.0,440.19,431.17,58.3333,146.73,300,0,100.0,75.0,5.1705,6.0895,False,False,True
5,895.0,2329.69,1791.96,179.0,465.938,500,1,100.0,795.0,6.7979,7.7539,False,True,False
8,372.0,348.37,950.24,46.5,43.5462,800,0,100.0,272.0,5.9216,5.8561,True,False,False
5,567.0,193.11,718.3,113.4,38.622,500,1,100.0,467.0,6.3421,5.2684,False,True,False
8,978.0,710.43,1624.58,122.25,88.8037,800,0,100.0,878.0,6.8865,6.5673,True,False,False
1,1082.0,1809.49,446.94,1082.0,1809.49,100,0,100.0,982.0,6.9875,7.5014,False,False,True
11,636.0,2238.97,1699.94,57.8182,203.5427,1100,0,100.0,536.0,6.4568,7.7142,True,False,False
6,370.0,315.09,946.39,61.6667,52.515,600,0,100.0,270.0,5.9162,5.756,False,True,False
8,413.0,222.83,802.95,51.625,27.8538,800,0,100.0,313.0,6.0259,5.4109,True,False,False
3,399.0,141.39,546.04,133.0,47.13,300,0,100.0,299.0,5.9915,4.9586,False,False,True
